IDEN;Density_gPcm3;Hue;Value;Chroma;Alox_mgPkg;Caox_mgPkg;Feox_mgPkg;Mnox_mgPkg;Pox_mgPkg;Siox_mgPkg
22;1.126;2.5Y;4;3;1276.36487217467;22.999016196;3130.073704928;140.3745996079;351.12700595;305.114732467
23;1.217;2.5Y;6;3;958.456223495062;25.8128595481482;2202.5834278963;59.9054150258333;373.859062157407;327.230849358333
24;0.8825;10YR;4;3;3770.60454524133;32.702692898;6928.485626228;600.6715556079;1167.52050473;617.726225187
25;0.9485;2.5Y;5;2;1890.13846991154;26.775519475;4344.36666368077;118.924359180673;490.692318009615;260.219229756731
26;1.1205;2.5Y;5;3;2727.80711228708;19.86801;5436.07849921225;398.616121518265;554.019223602041;970.427192639796
27;1.183;2.5Y;6;2;2129.63110861361;21.9718170816327;3222.18554176326;99.6448227223469;468.603158295918;678.654950190816
28;1.0005;10YR;3;1;2187.34273261761;152.713021224528;3930.28188795094;221.439415554623;858.841259933962;643.526662251887
29;0.9655;2.5Y;4;3;2082.50652875769;39.2110880365385;3486.20906493077;309.500979142212;546.911800125;497.634636525962
30;1.247;2.5Y;4;3;836.557780667924;27.9636200358491;2314.24301889434;118.766642554623;456.733996160377;269.775079195283
31;1.199;2.5Y;4;3;1876.4818313963;27.0530238333333;1799.46678113704;69.4350060628704;442.753281231482;408.755699247222
32;1.245;10YR;4;2;1335.7812731034;17.4465603632653;1454.68991625306;16.6915974488776;421.482237683673;221.405268313265
33;1.0425;2.5Y;5;2;1243.55847010588;23.5462487803922;1993.19795777255;37.3975882136275;553.093392676471;144.061281497059
49;1.113;2.5Y;5;2;2711.5941972717;20.1564618603774;3535.1124888;268.855993479151;560.179114650943;769.879245459434
50;1.238;2.5Y;6;2;1968.60542606538;19.9936242807692;3012.62067021923;103.260546488365;411.203021471154;604.833419602885
51;1.288;2.5Y;6;3;961.174544308;25.208889618;2969.433781728;157.7420786679;385.13548503;327.375168087
52;1.2645;2.5Y;5;6;8900.83061843333;52.5834910537037;7083.65115576667;83.038427729537;1058.88726234259;1942.97640313611
53;1.327;2.5Y;4;3;6058.58549806296;56.5311736833333;3723.71472243333;168.147131507315;760.924482898148;1473.73247109907
54;1.4155;2.5Y;5;4;1686.57623856538;27.6890652230769;2843.8477432;98.2401331806731;834.530791086538;227.719064583654
55;1.223;2.5Y;5;3;2212.70112028518;27.5556204611111;4742.61878817407;802.80772482213;513.573037712963;435.426831469444
56;1.2705;2.5Y;6;3;1787.87794324815;24.0128699259259;5815.49384465556;701.739070007315;571.264532527778;334.76657339537
57;1.2665;2.5Y;5;3;1060.8835457375;26.42789391875;2901.81269221667;57.0125777582292;310.921067739583;198.432917694792
58;1.0685;2.5Y;6;3;1747.95888032766;33.6582341255319;5682.88952896596;95.244954285;795.143353117021;375.551930603192
59;1.285;10YR;6;3;1646.80503217736;30.3906788283019;4335.8179238;173.128696215;354.191460160377;382.985271685849
60;1.1475;10YR;5;2;3195.059775308;46.522692258;1924.443264528;18.3106436619;317.52169625;408.461758987
61;1.2445;2.5Y;4;3;1855.79130844583;27.7391223375;446.4971568;8.22841675822917;307.402243614583;144.347426673958
62;1.163;2.5Y;6;3;2845.06717882545;17.5689218563636;7402.33983475273;362.778458516273;395.658089936364;736.180923624545
63;1.0755;10YR;5;2;865.501141834615;18.5770669038462;3879.44238964231;41.9687183345192;303.340767221154;258.930814602885
64;1.235;2.5Y;5;2;528.346960926531;18.7637053897959;1001.08406727347;61.5436401917347;170.437265438775;87.8500683948979
65.04;0.992;2.5Y;5;3;3129.58973884133;28.848806246;7340.842918228;310.9690111479;887.12029033;491.402809987
66.08;1.0825;2.5Y;5;2;3280.30410853726;28.8709485470588;6441.18126296863;291.710841262647;831.548566990196;547.77719685
67.03;1.0915;2.5Y;4;3;3013.83156246182;19.7899390345455;6590.83721111636;338.172378479909;788.836814481818;989.02846217
68.04;1.1885;2.5Y;4;3;1941.99001786026;29.4437113057692;4146.11582137308;482.076270199904;465.248294355769;471.9059599875
68.1;1.0045;;;;;;;;;
68.2;;;;;;;;;;
68.3;;;;;;;;;;
69;1.2965;2.5Y;4;4;1305.93604601528;32.4413609354167;2206.07030638333;311.616826320729;570.435719302083;273.100607319792
70;1.2745;2.5Y;5;3;2194.66762045034;30.9000511408163;2517.78863370204;102.459560008061;577.099450744898;508.393402435714
71;1.259;2.5Y;5;2;2432.26039546536;19.3708318568627;3934.13205316471;215.39088859598;585.926043656863;747.011448614706
72;1.2385;;;;10608.3436978653;43.6867966714286;10669.7040022735;111.762584742755;1750.43379829592;1920.64145304796
73;1.28;2.5Y;5;4;11237.6998665799;46.1082963566038;7331.05037946038;888.164879441415;1428.45580861321;2840.24032602547
74;1.551;;;;10135.34481145;41.9297737288462;7552.44565791154;153.971428738365;1208.10701300962;2287.05719383365
75;1.1965;2.5Y;5;4;2769.05539174286;23.8593005612245;8830.68139411021;557.597911640714;770.921556459184;337.138164721429
76;1.0365;2.5Y;5;3;2912.25497725306;17.9633778877551;6208.30330737551;116.812551089694;321.054302561225;452.893175905102
92;1.186;2.5Y;5;4;11380.5079345044;44.1677776018868;10644.6815275736;60.2622746489623;1860.69591351887;2001.10984753491
93;1.23;2.5Y;5;4;10226.865737091;46.0151884788462;9687.91788771923;53.5735718922115;1637.04703050962;1772.81408037212
94;;;;;;;;;;
95;;;;;;;;;;
96;1.143;;;;;;;;;
97;1.1515;;;;;;;;;
98;1.335;;;;;;;;;
99;1.2725;;;;;;;;;
100;1.285;;;;;;;;;
101;1.223;;;;;;;;;
102;1.3175;;;;;;;;;
103;1.247;;;;;;;;;
104;1.2095;2.5Y;4;6;10405.923945908;54.984320978;9048.434164228;106.6147377879;2162.80492253;2123.548170987
105;0.9685;;;;8086.67233062876;51.7863057431373;10232.726663949;88.5981248508823;1320.30177110784;1287.86294586961
106;1.234;;;;;;;;;
107;1.108;;;;;;;;;
108;1.011;;;;;;;;;
109;1.3485;;;;;;;;;
111;;2.5Y;4;2;1279.264064508;29.992677858;2835.466949928;167.0065664079;586.85861773;358.748295547
112;;2.5Y;4;4;4776.54386924133;28.221906898;5295.977129228;99.5227860879;936.36364793;967.979030387
113;;;;;;;;;;
114;;;;;;;;;;
115;;;;;;;;;;
116;;2.5Y;5;2;2753.4061863283;29.4466779981132;7289.85593229057;211.087363347075;864.988326726415;470.968937723585
117;;2.5Y;5;3;3230.51937221923;28.320368325;6667.15804733461;101.737604296058;578.198012817308;431.076625372115
118;;;;;;;;;;
119;;;;;;;;;;
120;;;;;;;;;;
121;;2.5Y;5;2;3191.64553463019;19.7280570283019;2708.18386181887;187.398634347075;631.627187669811;659.635694516038
122;;2.5Y;5;2;2982.24072775294;25.3469412764706;8070.47679336078;428.967396478333;584.242411696078;566.300783516667
125;;2.5Y;5;3;900.899224974667;24.434882668;2614.414063628;161.7645979479;299.85522175;312.333846907
126;;2.5Y;5;2;2159.75194521225;34.4910127530612;6827.82044513061;357.635994599898;300.589591010204;445.674516721429
127;1.3645;2.5Y;5;3;1344.61899485309;27.9038997388889;3244.35370206296;146.677548748056;740.43389012037;192.105223062037
128;1.255;2.5Y;5;3;1104.5988913103;21.5319693963636;2983.83444875273;207.811896570818;584.122153936363;369.155029442727
129;;2.5Y;5;3;1633.57886132179;25.7812545173077;3426.29156166154;523.626388469135;463.009911855769;361.4709879875
130;1.33;;;;1041.2620640141;29.494388075;2943.46973781538;344.390326296058;751.918798009615;316.479347564423
131;1.2505;2.5Y;4;3;2342.36800312075;20.4797857584906;4433.30822851698;526.526370573491;827.239169367924;542.378150553774
132;1.134;2.5Y;5;2;4483.40175545972;30.8221589145833;5216.45571690417;377.397466758229;709.95281034375;955.852978736458
192;1.371;;;;;;;;;
194;1.2165;;;;;;;;;
195;1.095;10YR;5.5;3;2792.19961157233;19.2301935238994;6666.14863905792;304.245615696415;782.619849883019;242.081356339623
196;1.124;2.5Y;5;3;2484.34922026667;21.1700972933333;8238.8425164014;237.2328437382;619.253270476;211.89935784
197;1.1565;2.5Y;5;3;3061.51716598639;24.0437898482993;8050.80116061367;247.142608324694;764.323994771429;226.069897979592
198;1.225;2.5Y;5;3;3324.79735251701;23.3130486367347;8068.54583587245;151.934311265306;979.667480408163;294.448577406122
236;1.295;10YR;5;3;3544.23364218182;29.6876222145454;5181.51165909091;865.215006909091;1008.05782363636;287.500539999636
243;1.46;2.5Y;5;4;3274.37322819444;39.0297935416667;5420.73189166667;138.5418318125;962.718664375;430.11857272875
244;1.311;2.5Y;5;4;8353.5375877551;38.9785732428571;10619.7361688367;401.954620107755;2096.46650416347;1379.28548374694
246;1.399;;5;3;3605.58589728395;41.5380975641975;3964.47999203833;78.4920877946296;640.417848959259;416.719247462963
247;1.263;2.5Y;6;1;1350.55933578231;33.1512690897959;2020.49038602041;86.5717400612245;365.99368544898;125.180414611837
248;1.363;2.5Y;6;3;3335.05339805556;27.7307012638889;3785.01767625146;80.5414730189583;256.883496704167;618.1662056875
249;1.1535;;;;;;;;;
250;1.206;2.5Y;7;2;1321.04717813333;21.4364002;2727.3109632;165.3702404;333.4311494;189.2546114596
251;1.1065;;;;1822.23000993464;36.4090876156863;2070.77980431373;47.6550744509804;451.077743333333;214.76599443098
252;1.3355;2.5Y;5;3;2344.55591830065;49.2240850980392;6102.82010392157;365.435859764706;331.621275686275;340.469858646667
253;1.2405;2.5Y;4;3;7423.33005733333;44.527087332;7783.891979;246.74236034;514.1487548;1360.1683834196
254;1.1915;;;;;;;;;
255;1.192;2.5Y;6;2;772.969327210885;20.3908397755102;4388.44222346939;192.494802285714;638.437934081633;97.8602411832653
256;1.148;2.5Y;5;3;2849.56611913043;47.6998683478261;7696.12896630435;364.371017304348;953.527962608696;149.769867651739
257;0.11;2.5Y;6;3;6020.86340277778;31.7881115625;7884.94853958333;270.516380125;802.204470208333;740.608002937083
258;1.3425;2.5Y;5;3;6169.87550326797;58.8799927058824;1743.47453627451;18.7329151745098;200.597642254902;1484.7565964898
259;1.3695;2.5Y;5;2;1967.39831666667;48.1636638790124;825.723364538333;8.97011758351852;256.017910811111;344.637856222222
260;1.588;2.5Y;6;4;1245.14635633987;34.8136566509804;1808.52552;39.2979775294118;251.570491333333;321.963929842745
261;1.2755;2.5Y;5;3;3582.26782062893;23.7000013396226;6771.22587735849;237.108440716981;512.56184509434;460.678218886415
262;1.424;2.5Y;5;3;2514.77455414966;27.0941323306122;4005.95714734694;360.926021122449;379.887414836735;333.138839122041
263;1.1305;2.5Y;6.5;2;2386.13167115646;46.0188629387755;4807.95361938775;199.561339469388;411.669746326531;339.631416897551
264;1.5585;2.5Y;4;4;5189.61458717949;33.1612619192308;4146.04432019231;162.654492826923;605.013577307692;1088.677543865
265;1.58;2.5Y;4;4;4678.61685066667;30.84694662;3263.3341942;109.86475014;554.0938846;1056.2848988196
266;1.48;2.5Y;4;3;5623.23119102564;42.6446313076923;4349.08941538461;115.398909038462;834.977727115385;1178.51430867269
267;1.5465;2.5Y;5;4;5141.19035849057;37.1219044220126;3266.65331962396;90.8820665266038;727.418258750943;1241.84667175472
268;1.5355;2.5Y;4;3;5756.57287234043;43.8382143503546;5351.21681000149;143.974147849149;846.581309442553;1250.15852495745
269;1.536;2.5Y;4;4;5294.44731393939;42.6570516448485;4857.31519581945;117.676060325636;832.70789716;1088.15794078182
270;1.577;2.5Y;5;4;4759.33556054422;38.1678589585034;3599.06478357286;87.6539135491837;620.077331914286;1130.3858714898
271;1.4895;2.5Y;5;3;6520.71194213836;45.2723854050315;5975.83650698245;166.434494036038;936.525526486793;1231.64765024528
272;1.482;2.5Y;4;3;5171.68292201258;39.5420384805031;5571.90108245415;118.782098111509;1044.48888384528;912.570835339623
273;1.51;2.5Y;4;4;6316.86015432099;38.9816506567901;5382.61960129759;110.133193202037;930.782203774074;1392.63888894444
274;1.5265;2.5Y;4;4;6194.5666829932;37.4090503095238;5584.71251877694;111.051032324694;1112.12131497551;1192.04548006122
275;1.3035;2.5Y;7;3;12350.6971741497;64.478513662585;5489.93839020551;40.4130902104082;679.084523342857;4274.50748904082
276;1.2815;;;;;;;;;
277;1.2405;;;;1752.98750533333;22.6481705527273;3860.94786090909;195.838345127273;293.635947454545;190.305326890545
278;0.00;2.5Y;5;2;;;;;;
279;0.00;;;;;;;;;
280;0.00;;;;;;;;;
281;0.00;10YR;5;3;1688.89856255319;22.404673641844;3914.47086170362;264.551223955532;276.340906442553;177.176554553192
282;0.00;;;;;;;;;
283;0.00;;;;;;;;;
284;0.00;;;;;;;;;
285;1.5055;;;;;;;;;
286;1.411;;;;;;;;;
287;1.452;;;;;;;;;
288;1.1685;;;;;;;;;
289;1.247;;;;;;;;;
290;1.272;;;;;;;;;
291;1.2425;;;;;;;;;
292;1.347;;;;;;;;;
293;1.3395;;;;;;;;;
294;1.486;;;;;;;;;
295;1.6005;;;;;;;;;
296;1.466;;;;;;;;;
297;1.5745;;;;;;;;;
298;1.3885;;;;;;;;;
299;1.415;10YR;6;4;7192.82333333333;87.6896421972222;5262.58415666813;29.3114063127083;405.729708433333;1485.76234527083
300;1.507;2.5Y;5;4;3959.3148;13.0797332384615;2800.64304228269;62.7592941538461;206.547034211538;1065.38031033654
301;1.441;2.5Y;5;4;5697.94624836601;18.4502936875817;2953.92393183725;35.2807575176471;345.152875294118;1434.7120152451
302;1.515;2.5Y;6;4;4408.35491975309;19.2130787580247;2001.23415117963;36.8804736555555;230.816229611111;1220.55469625
303;1.551;2.5Y;5;4;5035.76452765957;31.5092248439716;3113.94337688723;65.7980835106383;336.551939489362;1381.82241420213
304;1.5645;2.5Y;5;4;3378.41580283951;21.5341350037037;2037.81727238333;68.919845;229.471578203704;897.27992087963
305;1.4875;2.5Y;5;4;1475.89457358491;13.7729301823899;1310.61962516415;12.6252606320755;100.981232433962;189.790229801887
306;1.3935;2.5Y;6;4;1887.38804386667;4.65122114266667;668.254553174;7.063289574;68.27683118;425.21514015
307;1.4265;;;;1018.15737228758;8.4350576379085;751.078973013725;20.5508218137255;97.5560958235294;277.331839833333
308;1.355;2.5Y;5;3;4065.56407283951;55.3501487679012;1897.48468407537;9.89539127240741;139.078851959259;677.878437277778
309;1.426;2.5Y;6;3;637.164280628931;31.2725541786164;1646.76443839755;8.73814969264151;124.710590128302;102.880185207547
310;1.41;2.5Y;5;3;857.101096477987;13.9781819220126;2763.6673874283;11.5312015339623;128.429961509434;139.553179669811
311;1.4725;2.5Y;6;3;2331.4385004;11.5961788466667;891.196914474;7.96058861;227.55506908;525.13611355
312;1.401;2.5Y;4;6;2601.36411066667;28.7644599133333;4103.163165874;50.45135634;200.93627964;493.28152215
314;1.5045;10YR;6;2;1675.03715961538;57.7224107589744;1985.7774638475;41.0788197482692;237.315272938462;354.195467923077
315;1.506;2.5Y;5;3;;;;;;
316;1.343;;;;;;;;;
317;1.6465;;;;2737.37617856209;33.5487694843137;1853.41534421569;46.3585163921569;137.988931215686;874.53241943098
318;1.439;2.5Y;6;4;;;;;;
319;1.585;;;;;;;;;
320;1.402;;;;6178.80770196078;25.7748810882353;1401.83906686274;15.9576129803922;423.360836666667;1586.26042629373
321;1.68;2.5Y;6;4;;;;;;
322;1.6025;;;;;;;;;
323;1.3955;;;;;;;;;
324;1.3185;2.5Y;7;2;15345.6156306667;66.3354805293333;2697.0084460014;46.2119293382;444.566392076;5584.87636326
325;1.514;;;;;;;;;
326;1.311;;;;;;;;;
327;1.4875;;;;;;;;;
328;1.4635;;;;;;;;;
329;1.3985;;;;;;;;;
330;1.22;;;;;;;;;
331;1.627;;;;;;;;;
332;1.48;;;;;;;;;
333;1.526;2.5Y;5;4;4587.62385925926;18.4309158691358;2302.89650879012;52.0817264074074;429.276999240741;1087.08292699074
334;1.5055;2.5Y;5;4;4870.184824;;2428.80525638976;93.206841;-4.7581234;1150.58766775
335;1.4305;;;;;;;;;
336;1.5115;;;;;;;;;
337;1.5125;;;;;;;;;
338;1.341;;;;;;;;;
339;1.204;;;;;;;;;
340;1.4635;;;;;;;;;
341;1.381;;;;;;;;;
342;1.4675;;;;;;;;;
344;1.384;;;;;;;;;
345;1.426;;;;;;;;;
346;1.555;;;;;;;;;
347;1.4715;;;;;;;;;
348;1.39;;;;;;;;;
349;1.346;;;;;;;;;
350;1.289;;;;;;;;;
351;1.3135;;;;;;;;;
352;1.3525;;;;;;;;;
353;1.388;;;;;;;;;
354;1.555;;;;;;;;;
355;1.4655;;;;;;;;;
356;1.418;;;;;;;;;
357;1.1905;;;;;;;;;
358;1.4925;;;;;;;;;
359;1.606;;;;;;;;;
360;1.584;;;;;;;;;
361;1.5915;;;;;;;;;
362;1.5055;;;;;;;;;
363;1.6525;;;;;;;;;
364;1.651;;;;;;;;;
365;1.64;;;;;;;;;
366;1.496;;;;;;;;;
367;1.591;;;;;;;;;
368;1.6185;;;;;;;;;
369;1.6395;;;;;;;;;
370;1.6125;;;;;;;;;
370.16;0.9285;10YR;4;2;3217.66081581699;25.8812986601307;8562.72166458235;123.478581098039;526.999369196078;193.909108323529
370.47;0.866;10YR;4;3;14831.0716843537;78.6159932653061;5201.67856619796;131.623812653061;829.981141408163;3340.59380484694
375;1.0425;;;;;;;;;
376;0.9375;10YR;4;2;2586.32133945578;43.735404722449;7916.63418367347;103.684160836735;333.546464857143;151.979827142449
381;1.0655;10YR;4;2;2874.66287973333;43.092767224;5199.668293;524.3155192;403.41894308;198.0282854196
414;1.4275;10YR;5;2;;;;;;
416;1.611;;;;;;;;;
420;1.047;;;;;;;;;
424;1.0855;10YR;4;3;2888.70273910256;39.8055406346154;5608.22328173077;2287.37633288462;341.480037807692;150.187919961154
485;1.188;;;;;;;;;
486;1.138;;;;;;;;;
487;1.2825;10YR;5;4;7030.03426914231;42.3842907288462;8598.76573868077;107.256913488365;1775.49905974038;1355.17177883365
488;1.2025;10YR;5;4;8259.42953201358;50.5070450537037;9324.05090669259;117.179917636944;2105.17279456481;1415.72112406204
491;1.1555;10YR;5;4;9033.09618221905;50.6041007938775;10081.8054941102;159.402153150918;2226.67498482653;1485.79061100714
492;1.276;2.5Y;5;3;3304.81765324314;31.4365160568628;9029.13190120392;275.148046556765;1061.85574816667;724.967008614706
493;1.185;2.5Y;5;3;3748.94827647059;16.9653338078431;5056.72247986274;238.263326142745;1148.34447909824;831.271366933333
494;1.299;2.5Y;4;2;2401.69720732026;12.0834268705882;3397.28037711765;190.921498260392;804.019153608039;512.317035952941
495;1.327;2.5Y;4;4;2579.1258220915;16.7790250843137;3375.35511211765;192.160319025098;1463.98403164725;376.135231305882
496;1.3875;;;;;;;;;
497;1.205;2.5Y;5;3;2494.47431296296;17.8154215537037;5166.71108561111;118.402194653333;887.893661740926;475.508433214815
498;;2.5Y;5;2;2138.90035628205;16.7009646134615;3654.02429851923;139.711313005385;697.6103021925;466.970589492308
499;;2.5Y;6;2;9461.19793594771;21.1179165098039;10249.4704788824;273.248378103529;1561.72208458843;2152.40891340392
500;;;;;;;;;;
501;1.092;2.5Y;5;3;3418.61063899371;7.97657039622641;9669.02455014622;297.813436603774;1123.29847641509;273.834917375472
502;1.3845;;;;;;;;;
503;1.3565;2.5Y;6;3;5414.17110123457;13.0988941277778;3975.39868468518;56.2711311718518;636.270361926111;1350.60269025185
504;1.266;2.5Y;5;3;2561.48359647799;15.6759627396226;5179.62915043396;269.472012835472;832.53411252849;635.147834784906
505;1.2875;2.5Y;5;3;2460.24842197531;2.76230783333333;4759.89279672222;529.066576468148;883.996589333518;668.6126634
506;1.32;2.5Y;4;2;2775.91375769231;22.1946789865385;2759.61725140385;284.262767236154;598.870743538654;619.774824107692
507;1.0735;2.5Y;5;3;2827.34303271605;17.7426619777778;6903.18355875926;719.109204616296;526.726504889074;589.970115992593
509;1.109;2.5Y;5;2.5;2566.31896703704;20.2098171493827;1293.13351331914;543.178708148148;255.182843518519;612.58181125
510;1.027;;;;4035.10726893333;19.1010260373333;4905.1967614014;532.8059547182;557.153196076;1170.43152826
511;1.1915;2.5Y;5;2;2261.42595345679;35.9314078604938;5925.05154111241;555.266435109444;740.882076366667;474.984805981481
512;0.964;2.5Y;5;2;4764.51756527778;18.9056829222222;9641.01999312646;966.036927414792;595.973721954167;932.417229229167
513;1.205;2.5Y;4;4;1184.01847398693;20.1253682248366;3386.07235284451;591.21047286098;277.115549388235;319.586685137255
514;1.0765;2.5Y;5;3;2280.24172506173;29.8595087864198;7435.06327629759;580.900517887222;489.960130255555;420.898086907407
515;1.406;2.5Y;5;2;1530.81158810458;7.52687624313726;1452.33797594118;48.3290092996078;426.731771451176;437.03267105098
516;0.799;;;;6285.54337916667;103.23803451875;4897.8662994375;191.998761943333;1562.21391758354;855.677792366667
517;1.3085;2.5Y;5;3;1157.61302906667;16.70104976;1916.06718236;42.4977104056;427.2821300802;449.536177872
518;;2.5Y;6;2;1486.90290680851;21.9249589957447;4443.61891325532;221.250955431489;668.061741574681;454.312542204255
519;1.0055;;4;4;10355.1151526436;59.8931438709091;9116.39637657091;125.781105916273;1203.00180757273;2302.81130326091
520;0.9965;;4;4;9232.81095500816;39.1351196918367;7904.57515839592;133.701638844796;1213.96910054082;1998.09123345612
521;1.017;;5;4;10993.185435908;43.618409178;8798.302298228;92.2941040279;1231.76304633;2549.146681587
522;0.8985;2.5Y;4;4;11456.2431397791;54.5958957431373;9466.9029168902;135.126995439118;1389.22609208824;2380.62373175196
523;1.15;2.5Y;4;4;8201.64476343522;46.0491375641509;6696.30435210189;147.720394988585;1375.19245106604;1708.09171696887
524;1.39;;;;;;;;;
525;1.193;2.5Y;4;6;9935.97109478333;54.1315217865385;9258.42002233461;142.275997219135;1292.72957320192;2165.8628349875
526;1.2995;2.5Y;6;2;2426.60337466667;28.541105242;5589.90109846;367.9375143256;363.5475744802;397.536412872
527;1.1255;;4;2;1512.11717;7.522933225;721.067571596154;11.0490520669231;412.041686038654;209.240897588462
528;1.2295;2.5Y;3;2;10732.4983525926;38.5417713311111;2448.06564773333;46.836803584;1484.98350964467;1400.24755008
529;0.723;2.5Y;5;2;4114.83032820513;12.2476230538462;10247.4096908269;340.154584774615;1135.83174430788;410.485973723077
530;1.2765;;;;;;;;;
531;1.282;;;;;;;;;
532;1.146;;;;;;;;;
533;1.259;2.5Y;5;4;8016.26310841277;52.0461996148936;7822.66641194468;97.6392553488298;1818.84289503192;1546.95991253936
534;1.291;;;;;;;;;
535;1.233;2.5Y;5;4;7855.94697298846;50.2310149596154;7121.84358098846;86.6052914883654;1572.07847147115;1658.35226152596
535.01;;;;;;;;;;
536;1.138;;;;;;;;;
537;1.272;;;;;;;;;
538;1.214;;;;;;;;;
539;1.401;;;;;;;;;
540;1.2115;;;;;;;;;
541;1.0415;;;;;;;;;
542;1.182;;;;;;;;;
543;1.2385;;;;;;;;;
544;1.058;;;;;;;;;
545;1.2085;;;;;;;;;
546;1.2165;;;;;;;;;
547;1.197;;;;;;;;;
548;1.214;;;;;;;;;
549;1.1915;;;;;;;;;
550;0.9825;;;;;;;;;
591;1.1195;2.5Y;5;3;3686.93654184861;47.1357091020833;8796.10793877917;263.923479383229;878.551583052083;699.385251653125
592;1.129;2.5Y;5;3;2400.94275837308;41.7255899596154;6024.01763483461;178.565229892212;901.520028009615;458.538316525962
593;1.098;2.5Y;5;4;3233.04784542436;38.2914825173077;9140.75965310385;287.149611392212;863.965099548077;665.353019602885
594;1.245;2.5Y;5;4;8860.234767908;49.496414018;8882.451013228;164.1833854879;2266.32311953;1656.408615587
595;1.408;;;;;;;;;
596;1.4585;2.5Y;4;4;6622.9612298381;33.2622325693877;5870.64185533469;126.138683334592;1020.17480421429;1509.53588529286
597;1.4185;2.5Y;4;5;7942.31194257467;47.915105078;6286.345446228;134.0568751679;1242.96980353;1770.267772387
605;0.926666666666667;2.5Y;5;3;2536.65738226667;20.94174369;4146.796968;355.98844204;401.7500692;425.8883514
606;0.976666666666667;2.5Y;6;2;2824.09671390071;40.7960997914894;4662.75550957447;162.205178085106;595.263110425532;1365.49980170213
607;0.946666666666667;5Y;6;2;2523.65289551515;18.14462176;3785.79233636364;105.761760345455;557.271689818182;1161.98125563636
608;0.963333333333333;2.5Y;5;2;2802.33822453333;13.6145755288;4022.8339172;55.07370616;683.2836568;1182.9942574
612;0.893333333333333;2.5Y;5;3;2322.04052066667;26.296261494;4273.212755;371.48903892;369.56782954;366.11000398
613;0.946666666666667;2.5Y;6;2;2981.49433923077;13.9643581634615;8562.33981346154;308.937649826923;464.596139038462;1003.42748961538
614;0.71;2.5Y;6;2;2769.27366146667;19.419279138;8652.024923;381.1907756;455.257999;813.45273
617;0.926666666666667;2.5Y;6;2;2643.75108693333;18.886046374;5805.361187;210.25452396;596.8383618;1023.9398866
618;0.706666666666667;2.5Y;5;3;2434.85749371795;19.4034257192308;2775.78380971154;207.747078019231;407.246420192308;398.502031346154
619;0.893333333333333;2.5Y;6;2;2397.19462013072;16.5582466882353;4157.45863333333;156.046712529412;490.439292745098;1156.11396705882
622;0.98;;;;;;;;;
624;0.78;2.5Y;6;2;3279.6995901282;19.3885185;9337.87950961538;306.145902730769;499.530143269231;654.971960576923
627;1.01;2.5Y;5;2;1079.03753694444;10.185417886875;1708.29611291667;63.1395315416667;503.415779791667;211.971696166667
628;1.00333333333333;2.5Y;6;2;1590.58916875;25.7604333791667;3765.75454041667;61.4370961041667;526.461272916667;535.873009166667
629;1.09;;;;;;;;;
631;1.01666666666667;2.5Y;6;2;3010.20444857143;19.1767908816327;10399.6811989796;340.198696979592;664.823353061225;809.723821836735
633;0.993333333333333;2.5Y;5;2;3328.60151746667;31.043246786;3293.5436369;168.1520307;659.5394954;421.3053242
634;0.99;;;;;;;;;
638;0.996666666666667;2.5Y;5;3;2347.97420326797;29.0048535313725;3868.64675911765;384.019596313726;405.011375294118;359.384613294118
639;1.02666666666667;2.5Y;5;3;1205.29641830065;12.7869104603922;3266.18422696078;375.979767235294;455.791115294118;296.674129235294
640;1.06;2.5Y;6;3;1246.518765;13.6167680805769;3593.37147375;167.737639038462;394.912510769231;460.594757884615
641;0.986666666666667;2.5Y;5;3;1117.88228826667;8.31536234;3924.2320018;318.45016048;531.3347112;270.90387316
642;1.03333333333333;2.5Y;6;2;2649.54139176471;14.0940372972549;6380.66474901961;351.253478058824;484.749738039216;747.754583921569
643;1.12;;5;2;746.306299102564;14.3245672605769;2183.41705980769;130.732698307692;363.915208442308;282.609982384615
644;0.956666666666667;2.5Y;6;2;2619.45320426667;11.5635643304;4962.266528;123.32760804;763.4166674;1136.0356072
645;1.04666666666667;2.5Y;6;2;1313.9042616;17.166420924;2300.0182653;100.16475904;335.1523312;417.854905
646;;;6;2;2489.22104375;18.5452138125;7595.31348333333;583.009426458333;730.580049583333;701.043197083333
647;0.933333333333333;2.5Y;6;2;2638.39116865248;17.9712476212766;8859.25705638298;426.40867706383;475.362128085106;807.049340638298
648;0.926666666666667;2.5Y;5;3;2109.7186724;13.4059047148;6193.250045;270.94595414;465.27517;540.7346826
649;0.853333333333333;2.5Y;5;3;1161.91189115151;8.91412529018182;4348.26082181818;351.456229454545;336.291851818182;328.241115581818
651;0.96;2.5Y;5;3;1806.04466521739;17.7718640608696;5501.77644673913;224.197306065217;678.559237391304;432.461650717391
653;0.976666666666667;;;;;;;;;
654;1.08;;;;;;;;;
655;0.956666666666667;;;;;;;;;
656;0.883333333333333;;;;;;;;;
657;0.926666666666667;;;;;;;;;
658;0.916666666666667;;;;;;;;;
659;1.12666666666667;;;;;;;;;
660;0.876666666666667;;;;;;;;;
661;1.06333333333333;;;;;;;;;
662;1.01333333333333;;;;;;;;;
663;1.09333333333333;2.5Y;5;3;938.194437083333;30.62076161875;2881.017416875;104.008166041667;298.156663208333;193.80359225
664;0.786666666666667;2.5Y;6;2;2063.64320875817;39.8326759058823;3167.96266441176;73.2436524705882;800.674022156863;657.943330392157
665;0.996666666666667;2.5Y;6;2;2678.72397856209;40.2379573627451;7258.31226176471;414.082315490196;626.045399019608;777.538976862745
666;1.12;;;;;;;;;
667;1.04;;;;;;;;;
668;1.05;;;;;;;;;
669;0.996666666666667;;;;;;;;;
672;1.16666666666667;;;;;;;;;
673;1.05333333333333;;;;;;;;;
674;1.02666666666667;;;;;;;;;
675;0.95;;;;;;;;;
677;1.21333333333333;;;;;;;;;
679;1.03333333333333;;;;;;;;;
680;0.98;;;;;;;;;
683;1.06333333333333;2.5Y;5.5;3;1199.0693492517;46.3991195918367;1952.45636367347;114.121483326531;289.198562326531;377.277659020408
686;1.04666666666667;;;;;;;;;
688;0.876666666666667;2.5Y;5;3;2463.0505888;46.18696706;5697.739931;213.80753266;635.6264782;758.857192
689;0.853333333333333;2.5Y;5;2;2835.37350666667;38.5187862755102;4689.64877857143;268.031488510204;524.983447346939;965.64978755102
694;0.866666666666667;2.5Y;6;3;1682.49204965986;41.8475882734694;4139.87805204082;263.516054265306;242.848554897959;571.432619183674
697;0.96;;;;937.2654088;22.755622578;2791.9626527;115.44404694;394.19543188;187.77829086
698;0.706666666666667;2.5Y;6;2;1342.16144194444;36.1971243479167;5341.95181354167;202.596072625;932.955421041667;642.6928225
700;0.79;2.5Y;6;2;1381.32921703704;42.7618706851852;5432.27982777778;107.62595637037;723.217184444444;479.039265555555
702;0.89;2.5Y;6;3;2363.66992104575;42.1646555490196;6487.28545392157;381.005664529412;885.980734509804;403.802377843137
705;0.923333333333333;2.5Y;5;3;2527.2001836;36.553907846;5786.523406;284.1305005;602.1097552;567.0650372
706;0.913333333333333;2.5Y;5;4;2047.7912164;37.274573074;5864.111806;258.11800162;457.93708;564.5596948
707;0.846666666666667;2.5Y;6;2;2520.99976;45.8333079583333;4788.71212395833;109.175915625;632.171254375;977.81437625
710;1.00;2.5Y;5;2;2430.09253861635;31.4460418849057;2239.56184783019;79.3492374339622;435.446351698113;597.855162264151
711;0.956666666666667;2.5Y;5;2;2156.40521186667;36.238007258;2162.7745704;97.72016698;375.40084228;502.034981
713;0.95;2.5Y;5;3;1953.9228445283;41.804164509434;3257.90851264151;114.463702641509;620.212273584906;434.833268113208
714;1.01;2.5Y;5;3;1897.17746085106;47.8168917446809;2907.72916638298;110.828520191489;647.097604680851;401.279941276596
715;1.01;10YR;5;2;1995.42232666667;44.707754754717;3164.3325354717;105.759192566038;557.596900188679;459.038637169811
717;0.896666666666667;2.5Y;5.5;1;3257.66847049383;34.0858652537037;4792.77733425926;122.252883962963;607.350426111111;1535.10668203704
718;0.913333333333333;5Y;6;1;3073.99414065359;37.0944031235294;4580.0695;132.688592941176;559.092521372549;1540.68266764706
719;0.976666666666667;2.5Y;6;3;2630.79043061224;41.0181185693878;7312.65210102041;378.53030377551;974.002953265306;466.931390816327
720;0.986666666666667;2.5Y;6;3;2383.14970653846;40.8420512134615;7579.35543269231;421.637515769231;937.5475275;457.122549230769
721;0.97;2.5Y;6;2;2361.22297972222;42.9777247645833;7147.53491145833;467.163261041667;872.160690416667;475.5108275
722;0.93;2.5Y;6;3;2389.27450320513;38.2740565192308;7040.109575;401.532423846154;896.731593461539;485.410394230769
723;0.976666666666667;2.5Y;6;2;2807.94872792453;38.7085668981132;9375.93551509434;1014.02928283019;1055.76104603774;621.079356792453
724;0.953333333333333;2.5Y;5.5;2;2820.76284367347;42.8774376653061;6524.87116530612;308.173013877551;961.824965918367;540.17141244898
737;1.00333333333333;2.5Y;5;3;2892.14867929078;38.4926568361702;5959.73199042553;316.969380276596;557.810620851064;722.683645106383
740;0.94;2.5Y;5;3;2973.67444617284;34.0759162407407;6942.2020712963;339.1933225;613.607803888889;739.332312407407
743;0.836666666666667;2.5Y;6;3;2168.81969411765;38.328480654902;6900.75269411765;442.050568039216;511.606074117647;630.705676666667
744;0.973333333333333;2.5Y;6;3;2424.87299220126;38.4023853603774;7699.98780943396;409.273175849057;566.789480943396;694.555057169811
745;0.953333333333333;2.5Y;6;3;2227.92147049383;36.8587587388889;6963.78021574074;395.91125537037;657.881440925926;664.40551962963
746;0.946666666666667;2.5Y;5;3;2669.07068871795;36.9749453442308;7713.27970192308;325.991237961539;722.660970961538;752.642367884615
747;0.966666666666667;2.5Y;5;3;2116.5318288;41.88422178;6666.033121;530.890109;555.7838808;679.082713
748;0.946666666666667;2.5Y;6;3;2013.81695790123;17.5402007203704;5906.42181481481;588.862966296296;406.041754074074;581.016887777778
749;1.13;;;;;;;;;
750;1.11333333333333;;;;;;;;;
751;1.12333333333333;10YR;4;3;5410.69881768708;20.6106957040816;2701.17458852551;52.5924527755102;848.201646122449;1216.47991856939
752;1.03;;;;;;;;;
753;1.01333333333333;;;;;;;;;
754;1.06;;;;;;;;;
755;1.05;;;;;;;;;
756;1.06333333333333;10YR;4;3;5303.25616666667;17.9900153884615;3365.69142966827;73.4418513269231;714.308445384615;1226.80108403654
757;1.07666666666667;;;;;;;;;
758;1.08333333333333;;;;;;;;;
759;1.11666666666667;;;;;;;;;
760;1.24333333333333;;;;;;;;;
761;1.21;10YR;4;4;5902.812136;18.616755082;4301.381403155;42.0335626;806.0072596;1142.117822198
762;1.18666666666667;10YR;4;4;6084.78351698113;20.9415756018868;4439.28688693868;40.4770239056604;746.510985849057;1141.83630113019
763;1.24333333333333;10YR;4;4;4118.28118027211;15.7844446428571;2639.54783444388;33.416705444898;573.540229387755;885.932133059184
764;1.05;;;;;;;;;
765;1.03;;;;7369.8468212766;25.4337561829787;6813.47000867553;61.9911643404255;948.510390212766;1257.28898552979
766;1.11;10YR;4;4;8529.1975620915;22.8967228745098;7763.55348446568;87.7796905686274;1126.57260058824;1393.08964646863
767;1.18333333333333;;;;;;;;;
768;1.27666666666667;;;;;;;;;
769;1.23666666666667;;;;;;;;;
770;1.14666666666667;;;;;;;;;
771;1.12;10YR;4;4;;;;;;
772;1.02333333333333;;;;;;;;;
773;1.08333333333333;10YR;4;4;7391.20650972222;33.9063985458333;6901.54199703646;93.5003975416667;1690.05953208333;1500.73273208125
774;1.07666666666667;;;;;;;;;
775;1.10333333333333;;;;;;;;;
776;1.16;10YR;4;4;5952.35898205128;20.0647432923077;5928.58905014904;61.5257851153846;1500.97139442308;1079.00049365192
777;1.21;10YR;4;4;4257.85533202614;20.9145225529412;4354.42181289706;45.0626157058823;1048.31656568627;940.821912547059
778;1.12666666666667;;;;;;;;;
779;1.12333333333333;;;;;;;;;
780;1.21333333333333;;;;;;;;;
781;1.15666666666667;;;;;;;;;
782;1.00;2.5Y;5;3;2315.61821503268;21.2304620686274;6545.48640211274;138.193861490196;699.204681372549;477.737773331373
783;1.06;;;;;;;;;
784;1.02666666666667;;;;;;;;;
785;1.09666666666667;;;;;;;;;
786;1.01666666666667;;;;;;;;;
787;0.996666666666667;;;;;;;;;
788;0.91;;;;;;;;;
789;1.00;2.5Y;5;3;2279.03439527778;22.40169116875;4374.99536370312;49.7662868125;875.585399375;474.745141664583
790;1.02;2.5Y;5;3;2248.0862874359;14.0399623173077;6280.48606745673;65.6429674230769;847.460281346154;405.315199998077
791;0.98;2.5Y;5;3;2198.84089686275;14.5785069196078;6012.6597697598;80.1646925882353;812.718441176471;376.636989919608
792;0.993333333333333;;;;;;;;;
794;0.916666666666667;2.5Y;5;3;;;;;;
795;0.95;;;;;;;;;
796;1.00333333333333;2.5Y;5;3;2841.02187385621;20.1556413196078;8187.44065701471;182.067742509804;853.103445098039;593.590932154902
799;0.936666666666667;2.5Y;5;3;1919.81225455782;17.821841322449;6407.46631954592;101.341444857143;854.838628979592;414.119503467347
800;0.966666666666667;;;;;;;;;
802;0.993333333333333;;;;;;;;;
803;1.14666666666667;;;;;;;;;
804;0.973333333333333;10YR;4;4;8120.31624305556;36.58867520625;9180.17093349479;145.9210429375;1630.40844020833;1534.18547708125
805;0.983333333333333;10YR;4;4;8585.28054901961;46.8478313431373;9475.95245407353;151.371669039216;2013.09229745098;1637.83332156667
806;1.06;;;;;;;;;
807;1.09666666666667;;;;;;;;;
808;1.07333333333333;;;;;;;;;
809;1.04666666666667;;;;;;;;;
810;0.966666666666667;;;;4721.45993205128;13.5260996769231;3757.37094582212;63.2489998461538;1000.59962615385;710.135810959615
811;1.04;;;;;;;;;
812;1.11;;;;;;;;;
813;0.98;;;;;;;;;
814;1.13666666666667;;;;4721.0746;8.10143796037736;3066.68914212736;48.4938882075472;726.609718867925;952.264452450943
815;1.24333333333333;;;;;;;;;
816;1.06;;;;;;;;;
817;1.2;;;;;;;;;
818;1.13333333333333;10YR;4;4;7193.02650972222;45.97043359375;5667.65150120313;107.082504604167;954.517164583333;1587.36602208125
819;1.08333333333333;;;;;;;;;
820;1.17;;;;;;;;;
821;1.02;;;;;;;;;
822;1.16;;;;;;;;;
823;1.16;;;;;;;;;
824;1.18666666666667;10YR;4;4;6609.89614444444;32.3040183259259;5921.48611588426;118.448380592593;1197.42594444444;1302.56148981296
825;1.07666666666667;;;;;;;;;
826;1.12;;;;;;;;;
827;1.11;;;;;;;;;
828;0.983333333333333;;;;;;;;;
829;0.973333333333333;10YR;4;4;8346.01285490196;31.9907299823529;8083.17948544608;257.386403490196;1008.54815823529;1897.61080372353
830;0.99;;;;;;;;;
831;0.95;;;;;;;;;
832;1.03333333333333;;;;;;;;;
833;0.933333333333333;;;;;;;;;
834;0.956666666666667;;;;;;;;;
835;1.02;;;;;;;;;
836;1.06666666666667;10YR;4;4;;;;;;
837;1.05333333333333;;;;;;;;;
838;1.04333333333333;;;;;;;;;
839;1.02333333333333;10YR;4;4;8660.031932;29.353872068;8330.185891155;126.29366074;1758.6826628;1639.077525998
840;1.13;10YR;4;4;8835.01682266667;37.740056504;9911.747839155;154.30991744;1918.9204214;1681.175125198
841;0.96;;;;7305.92388679245;48.9844921792453;6226.06750297641;224.417549339623;1531.02969075472;1506.92613263962
842;0.936666666666667;;;;7219.43705679012;43.62074375;6242.59951773611;235.359071555556;1412.80572333333;1518.66909185
843;0.973333333333333;;;;7643.12958589744;32.1430031230769;6685.78944245673;217.303349442308;1555.69994596154;1560.65643788269
844;1.07666666666667;;;;7418.84744081633;32.5975190714286;6623.64831138265;192.667640959184;1436.78649816327;1498.84343999796
845;0.99;2.5Y;4;4;7385.39483396226;43.6256655566038;6790.67873410849;180.297529830189;1660.83293830189;1489.36426075283
846;1.1;;;;7156.04701851852;24.9945652481481;6606.94341773611;156.478557166667;1162.40081518519;1710.19269981296
847;0.996666666666667;;;;7785.22331866667;45.28100271;6923.741583155;146.86591268;1344.7595994;1707.727254598
848;1.00333333333333;;;;6482.59177232704;25.093325754717;5502.98954448585;138.747162188679;1080.74829358491;1394.70386339434
849;1.01666666666667;;;;7186.73118974359;37.4156787596154;5827.29010687981;168.185866134615;1222.69596807692;1602.09032172885
850;0.99;;;;7992.15627320261;48.7665673627451;6828.05674721078;283.016322745098;1417.27922215686;1700.5791449
851;1.03666666666667;2.5Y;4;4;7313.25285986395;36.1889705816327;6295.45406444388;161.148373612245;1408.30460265306;1458.67959571224
852;0.98;10YR;4;4;7386.539172;34.047151006;7186.546745155;233.78204986;1670.2959264;1595.266236798
853;0.97;;;;;;;;;
854;1.00;;;;;;;;;
855;0.97;;;;;;;;;
856;0.943333333333333;;;;;;;;;
857;1.02;;;;;;;;;
858;1.01333333333333;;;;;;;;;
859;1.01666666666667;;;;;;;;;
860;1.00333333333333;;;;;;;;;
861;0.976666666666667;;;;;;;;;
862;0.973333333333333;10YR;4;4;7302.63930612245;33.5677405673469;8224.30210934183;184.072488102041;1573.25383061225;1597.31272020204
863;1.00666666666667;;;;6895.16418666667;29.728824722;6359.583327155;99.8266756;1473.7662798;1414.566988998
864;1.02666666666667;10YR;4;4;7230.72311698113;18.7427147264151;6658.83022939151;188.217033037736;1454.54524679245;1522.98381716792
865;1.05;;;;7398.63881851852;27.0793347222222;6948.74795477315;182.673878611111;1542.39119;1556.38794185
866;1.03666666666667;;;;;;;;;
867;1.00;;;;;;;;;
868;1.08333333333333;10YR;4;4;;;;;;
869;1.05;;;;;;;;;
870;0.996666666666667;;;;;;;;;
871;1.02666666666667;;;;;;;;;
872;1.02;;;;;;;;;
873;1.09666666666667;;;;;;;;;
874;1.00333333333333;;;;;;;;;
875;1.05;;;;;;;;;
876;1.00;;;;;;;;;
877;0.986666666666667;;;;;;;;;
878;1.05333333333333;;;;;;;;;
879;1.00333333333333;;;;;;;;;
880;0.986666666666667;;;;;;;;;
881;0.976666666666667;10YR;4;4;6886.5222051282;28.5947184384615;6825.26023957212;143.043537692308;1246.97170826923;1425.37857249808
882;0.98;;;;;;;;;
883;1.00666666666667;;;;;;;;;
884;1.01;10YR;4;4;6137.15477551021;27.8445240081633;5491.07414403571;162.518279367347;913.069783469388;1396.22734305918
885;1.02;;;;;;;;;
886;1.02666666666667;;;;;;;;;
889;0.963333333333333;7.5YR;5;3;2746.00013006536;4.94697297254902;4302.09238054412;499.510128039216;1036.84773960784;316.697289684314
890;1.01333333333333;;;;;;;;;
891;0.91;;;;;;;;;
892;0.88;;;;;;;;;
893;0.95;;;;;;;;;
894;0.903333333333333;;;;;;;;;
895;0.93;;;;;;;;;
896;0.95;;;;;;;;;
897;0.913333333333333;;;;;;;;;
898;0.853333333333333;;;;8384.60714557823;45.2559929489796;3108.89730219898;41.8970329346939;555.752245918367;2337.32986020204
899;0.913333333333333;;;;7078.96461904762;32.6062515979592;2833.26528434184;34.935018377551;489.06994244898;1997.59076305918
900;0.973333333333333;;;;6691.00251333333;41.95762541;3433.412708355;45.81044998;477.4544064;1810.819588598
901;0.93;;;;;;;;;
902;0.983333333333333;;;;;;;;;
903;0.973333333333333;;;;;;;;;
904;0.87;;;;;;;;;
905;0.816666666666667;;;;;;;;;
906;0.993333333333333;;;;;;;;;
907;1.04333333333333;;;;;;;;;
908;0.853333333333333;;;;;;;;;
909;0.893333333333333;;;;;;;;;
910;0.906666666666667;;;;6602.67214968553;43.2664463679245;4593.47439071226;53.351678509434;544.060123207547;1780.37884226226
911;0.963333333333333;;;;6372.55429115646;28.372499277551;5144.50323587245;74.5861381632653;655.627590816327;1786.16384142653
912;0.853333333333333;;;;7480.41433472222;30.24734695625;6116.08038974479;88.7652918958333;662.254045625;2024.95015833125
913;0.906666666666667;;;;;;;;;
914;0.966666666666667;;;;;;;;;
915;0.916666666666667;;;;;;;;;
916;0.903333333333333;;;;;;;;;
917;0.97;;;;;;;;;
918;0.866666666666667;;;;;;;;;
919;1.01;;;;5614.16806666667;30.773302486;3580.293780555;41.157585672;394.24881796;1482.414627798
920;1.00;;;;;;;;;
921;0.843333333333333;;;;;;;;;
922;0.873333333333333;;;;;;;;;
923;0.87;;;;;;;;;
924;0.893333333333333;2.5Y;5;4;;;;;;
925;0.833333333333333;2.5Y;5;4;;;;;;
926;0.91;2.5Y;5;3;;;;;;
927;0.93;;;;;;;;;
928;0.933333333333333;;;;;;;;;
929;0.826666666666667;;;;;;;;;
930;0.893333333333333;;;;;;;;;
931;0.9;;;;;;;;;
932;0.9;2.5Y;4;3;6902.05980384615;38.1813730423077;3475.29638630288;82.9785906538462;1262.4034775;1304.26123615192
933;0.913333333333333;2.5Y;4;3;6045.49680272109;35.9142214755102;3153.06589138265;71.0843924897959;1022.6250044898;1125.02998020204
934;0.89;2.5Y;4;3;6200.7372474359;34.6964899403846;3036.02391764904;57.1603778461538;802.009702115385;1267.093488075
943;0.98;;;;;;;;;
944;1.00333333333333;;;;;;;;;
945;1.01333333333333;;;;;;;;;
954;0.993333333333333;;;;;;;;;
955;0.953333333333333;;;;;;;;;
956;0.946666666666667;;;;;;;;;
965;0.89;;;;;;;;;
966;0.896666666666667;;;;;;;;;
967;0.83;;;;;;;;;
976;0.866666666666667;;;;;;;;;
977;0.933333333333333;;;;;;;;;
978;0.846666666666667;;;;;;;;;
980;0.81;;;;;;;;;
984;0.876666666666667;;;;;;;;;
987;0.84;;;;;;;;;
990;0.953333333333333;;;;;;;;;
1001;0.956666666666667;;;;;;;;;
1002;0.913333333333333;;;;;;;;;
1003;0.946666666666667;;;;;;;;;
1012;0.983333333333333;;;;;;;;;
1013;0.943333333333333;;;;;;;;;
1014;0.92;;;;;;;;;
1023;0.9;;;;;;;;;
1026;0.97;;;;;;;;;
1029;0.95;;;;;;;;;
1030;0.993333333333333;;;;;;;;;
1031;1.01;;;;;;;;;
1040;0.92;;;;;;;;;
1041;0.926666666666667;;;;;;;;;
1042;0.85;;;;;;;;;
1051;0.933333333333333;;;;;;;;;
1052;0.94;;;;;;;;;
1053;0.926666666666667;;;;;;;;;
1062;0.886666666666667;;;;;;;;;
1063;0.883333333333333;;;;;;;;;
1064;0.886666666666667;;;;;;;;;
1073;0.983333333333333;;;;;;;;;
1076;0.843333333333333;10YR;4;4;6947.20693043478;;9261.17589473369;150.251356108696;1490.92764934783;1349.16743260652
1085;0.936666666666667;;;;;;;;;
1086;0.916666666666667;;;;;;;;;
1087;0.916666666666667;;;;;;;;;
1096;0.886666666666667;;;;;;;;;
1097;0.956666666666667;;;;;;;;;
1098;0.936666666666667;;;;;;;;;
1107;0.87;;;;;;;;;
1108;0.896666666666667;;;;;;;;;
1109;0.98;;;;;;;;;
1110;0.91;;;;;;;;;
1119;0.873333333333333;;;;;;;;;
1120;0.856666666666667;;;;;;;;;
1121;0.85;;;;;;;;;
1122;0.856666666666667;2.5Y;6;4;7820.29280136055;32.1436856693878;4486.45030117857;60.3252899591837;754.257043061225;2308.90422305918
1131;0.913333333333333;;;;;;;;;
1134;0.943333333333333;2.5Y;3;3;1129.85705111111;27.3403195254902;4883.10628544608;96.2453389411765;221.118816235294;271.747042488235
1137;0.893333333333333;2.5Y;3;3;1046.37756706667;22.511315938;4326.682985155;79.77931124;224.27320164;208.184038418
1140;0.976666666666667;2.5Y;5;4;2315.44438307692;16.2356105826923;2613.68956130288;53.9369653076923;437.921737692308;535.998481151923
1142;1.00;2.5Y;4;4;5851.69506666667;25.5813347415094;3172.00595118396;95.7044964716981;620.999066226415;1762.65156999811
1143;0.996666666666667;;;;;;;;;
1145;0.733333333333333;;;;;;;;;
1147;0.88;;;;;;;;;
1149;0.88;;;;;;;;;
1151;0.803333333333333;;;;;;;;;
1153;0.876666666666667;;;;;;;;;
1155;0.83;;;;;;;;;
1157;1.05666666666667;;;;;;;;;
1175;0.983333333333333;;;;;;;;;
1176;1.05;;;;;;;;;
1191;0.98;;;;;;;;;
1192;0.98;;;;;;;;;
1207;1.04666666666667;;;;;;;;;
1209;0.966666666666667;;;;;;;;;
1211;1.02666666666667;;;;;;;;;
1213;0.923333333333333;;;;5656.28317333333;34.206381512;3441.3505399;66.3177567;960.1587888;1125.4201572
1215;0.953333333333333;;;;6563.9733836478;34.5398748924528;5002.2114009434;83.3131176226415;1063.46562;1387.68834698113
1229;0.856666666666667;;;;6091.20341466667;27.508375964;3155.404556455;68.69218804;755.8928868;1375.415683998
1231;0.986666666666667;10YR;4;4;5639.7662974359;33.5964875057692;5150.26457995673;88.9822953461538;1018.25789057692;1165.47467788269
1233;0.946666666666667;;;;;;;;;
1235;0.826666666666667;;;;;;;;;
1237;0.923333333333333;;;;;;;;;
1255;1.01666666666667;10YR;4;4;;;;;;
1257;0.876666666666667;;;;;;;;;
1259;0.886666666666667;;;;;;;;;
1261;0.866666666666667;;;;;;;;;
1263;0.853333333333333;;;;;;;;;
1281;0.816666666666667;;;;;;;;;
1283;0.89;;;;;;;;;
1285;0.74;;;;;;;;;
1287;0.78;;;;;;;;;
1289;0.833333333333333;;;;;;;;;
1307;0.833333333333333;;;;;;;;;
1309;0.743333333333333;;;;;;;;;
1333;0.666666666666667;;;;;;;;;
1335;0.713333333333333;;;;;;;;;
1337;0.846666666666667;;;;;;;;;
1338;0.823333333333333;;;;;;;;;
1339;0.8;;;;;;;;;
1340;0.843333333333333;;;;;;;;;
1341;0.916666666666667;;;;;;;;;
1342;0.903333333333333;;;;;;;;;
1343;1.28666666666667;10YR;5;4;2313.80729882353;23.2415194686274;1375.68782279902;29.8495385843137;458.244725294118;585.987211762745
1345;1.18666666666667;10YR;;;3540.28730769231;22.5654560596154;2080.09844476442;39.4873494615385;665.429759423077;895.881564036538
1347;1.14666666666667;2.5Y;4;4;4928.22521410256;34.4605656634615;3130.86027072596;52.0692137307692;1097.50288788462;1030.89281884423
1365;0.843333333333333;;;;;;;;;
1367;0.89;;;;;;;;;
1369;0.903333333333333;;;;;;;;;
1387;0.866666666666667;;;;;;;;;
1389;0.946666666666667;;;;;;;;;
1391;0.996666666666667;;;;;;;;;
1409;0.97;;;;;;;;;
1410;0.963333333333333;;;;;;;;;
1411;0.946666666666667;;;;;;;;;
1412;0.953333333333333;;;;;;;;;
1413;0.916666666666667;;;;;;;;;
1414;0.946666666666667;;;;;;;;;
1415;0.97;;;;;;;;;
1417;0.94;;;;;;;;;
1419;0.91;;;;;;;;;
1437;0.883333333333333;;;;;;;;;
1439;0.913333333333333;;;;;;;;;
1441;1.04;;;;;;;;;
1459;1.00;;;;;;;;;
1461;0.926666666666667;;;;;;;;;
1463;0.94;;;;;;;;;
1481;0.913333333333333;;;;;;;;;
1483;0.946666666666667;;;;;;;;;
1485;0.92;;;;;;;;;
1503;0.916666666666667;;;;;;;;;
1504;0.9;;;;;;;;;
1505;0.923333333333333;;;;;;;;;
1506;0.923333333333333;;;;;;;;;
1507;0.953333333333333;;;;;;;;;
1508;1.03333333333333;;;;;;;;;
1509;0.793333333333333;;;;;;;;;
1533;0.716666666666667;;;;;;;;;
1555;0.786666666666667;;;;;;;;;
1577;0.826666666666667;;;;;;;;;
1599;0.9;;;;;;;;;
1602;1.00333333333333;;;;;;;;;
1605;1.12333333333333;2.5Y;;;2620.95814526928;16.6256880431373;5476.1570168902;377.679136066569;547.349856598039;359.165353595098
1606;1.06333333333333;;;;;;;;;
1607;1.15;;;;;;;;;
1608;1.304;;;;;;;;;
1609;1.277;2.5Y;4;4;8859.00525578231;89.7473393367347;7860.96091342347;143.596655408163;1348.27907122449;1764.79448877347
1610;1.143;2.5Y;6;2;1316.10996609929;39.3939948617021;5587.83283527128;105.044742978723;781.124834042553;527.442017444681
1611;1.143;2.5Y;6;2;1309.32060745098;37.3998548137255;5956.33027270098;102.793344686274;818.644891960784;540.250199998039
1612;0.9745;2.5Y;5;3;2737.6141477551;52.5204708265306;4648.67133587245;48.8464366326531;818.284090408163;461.332421018367
1613;0.9795;2.5Y;5;3;2859.00782993711;49.5357200471698;3542.75873929717;36.8763318679245;882.436600188679;476.460446790566
1736;1.214;2.5Y;6;3;3353.35846562041;26.6027683714286;9020.5562308449;424.884431436633;809.813054214286;333.067295252041
1737;1.463;2.5Y;5;3;15303.5314144618;35.02594798;2391.73204929818;77.8164751708182;643.447538845454;5786.06682726091
1739;1.3415;2.5Y;5;3;;;;;;
1741;1.229;2.5Y;5;3;7599.60601865417;80.0527345604167;6119.01866169583;175.736942758229;3722.81010284375;1543.52114061146
1742;1.2545;10YR;5;2;2229.10055012821;34.159453724359;1131.49408935321;180.196713673077;406.602462480769;347.684147721154
1743;1.226;10YR;5;3;3526.37805843137;14.2444691320261;1770.17268625621;454.506807843137;1144.84411566667;408.732741323529
1744;1.307;7.5YR;4;3;3108.6947154717;10.2768110641509;1559.35241508302;662.130120188679;960.485381301887;372.087665330189
1745;1.0545;2.5Y;5;3;3734.37228296296;14.4527407802469;1874.28163309753;188.827353888889;909.42336387037;592.467652546296
1746;1.457;10YR;4;4;4941.96957437021;57.4900535510638;8128.9649768383;209.673385753085;538.816329287234;832.459036794681
1747;1.5535;2.5Y;4;6;8406.13046102592;42.3705845907407;7548.63776595185;79.7215405073148;730.961390490741;1749.02941461759
1749;1.364;2.5Y;5;2;545.146335007843;15.1038257803922;771.8037564;20.5816488057843;161.263982009804;60.7021022029412
1750;1.4665;2.5Y;5;3;1701.2182601102;26.1472445306122;2628.16183176326;85.9386533958163;775.760110540816;242.554620660204
1751;1.507;2.5Y;5;3;2940.87022914231;21.1803380057692;3219.6886532;168.248873122981;1206.41581281731;478.089755564423
1752;1.4345;2.5Y;5;2;1303.46701912549;22.3552575686275;809.027183360784;11.4243216293137;279.483468676471;195.850916653922
1753;1.1785;2.5Y;7;3;3618.6617275817;24.6034786784314;8853.83469328921;288.40920272549;876.340206078431;336.178752272549
1754;1.3705;10YR;5;3;6201.89756853726;29.9013207431373;4052.03156787059;85.285521517549;676.791509343137;1771.1561223402
1756;1.09;2.5Y;7;1;;;;;;
1757;;2.5Y;7;1;1731.96107987179;31.5096199788462;4247.1743366875;212.528351634615;292.385189596154;378.324130786538
1758;;5Y;6;1;2078.21077388889;;3012.39525120833;175.067465964167;917.799477583542;1189.11111299167
1759;1.136;5Y;7;1;;;;;;
1760;;5Y;7;1;2100.73262503145;37.1314008396226;4144.45789825943;216.045964075472;502.496472264151;832.901900375472
1761;;2.5Y;5;3;2220.71252025157;19.8072354893082;1120.12652968553;741.64811490566;455.036830735849;374.941230707547
1773;1.257;;;;;;;;;
1774;1.2745;;;;;;;;;
1775;1.2255;;;;;;;;;
1776;1.172;;;;;;;;;
1777;1.2065;;;;;;;;;
1778;1.198;;;;;;;;;
1779;1.263;;;;;;;;;
1780;1.2375;;;;;;;;;
1781;1.16;;;;;;;;;
1782;1.0735;;;;;;;;;
1783;1.2625;;;;3228.82413016795;47.8897392865385;12430.7576463731;86.0161269499038;907.417834740385;436.519281910577
1784;1.03;;;;;;;;;
1785;1.383;;;;;;;;;
1786;1.082;;;;;;;;;
1787;1.1665;;;;;;;;;
1788;1.243;;;;;;;;;
1789;1.1685;;;;1491.83818868025;20.7358787018519;4428.51426595185;191.860493877685;428.109726046296;603.989989247222
1790;1.2175;;;;2737.31960106538;21.3607843153846;8737.50837233462;574.339075199904;752.454266086538;621.220136141346
1791;1.091;;;;;;;;;
1792;1.1595;;;;;;;;;
1793;1.149;;;;;;;;;
1794;1.225;;;;;;;;;
1795;1.078;;;;;;;;;
1796;1.081;;;;;;;;;
1797;1.2065;;;;;;;;;
1798;1.001;;;;;;;;;
1799;1.244;;;;;;;;;
1800;1.1615;;;;;;;;;
1801;1.164;;;;;;;;;
1802;1.1725;;;;;;;;;
1954;;;;;;;;;;
2208;;;;;4073.41484924133;30.186335238;5056.786994228;26.6095442879;558.44009453;757.965771987
2209;;;;;4429.89398494014;36.3177846714286;4893.52777166122;32.6215458937755;614.035134826531;759.94106692551
2210;;;;;3749.12716142264;26.928710154717;4836.39624549811;29.4259152036792;486.928381443396;703.124576214151
2211;;;;;3776.27044304706;27.7801022098039;5305.81914728235;20.2021929391176;496.815253656863;842.437315281373
2212;;;;;3951.63913455033;38.6109992137255;6082.67482375294;32.9039164979412;530.766331696079;855.274065869608
2213;;;;;4236.56277899477;30.8725339784314;5422.49885316471;29.8572139293137;414.711590911765;831.201495673529
2214;;;;;3381.28816226275;28.2245721745098;4293.60525218431;38.0503043665686;571.594050911765;638.046513712745
2215;;;;;4324.14436658148;33.7830601277778;5121.93854928519;39.2015890258333;724.112503083333;766.970625543519
2216;;;;;4290.13715119359;33.5502832673077;5159.53969060384;57.2786920652885;951.219639548077;943.871466910577
2217;;;;;3539.91484069412;34.7453145470588;4538.84623061569;32.2968796587255;600.929231892157;648.659172144118
2218;;;;;4880.82929210071;40.6608755510638;5268.65996726383;25.377132385;598.925603329787;839.09136211383
2219;;;;;3310.72651737467;34.331610438;5419.577373228;27.4438834739;546.87317633;683.079313587
2220;;;;;6447.38313187891;46.9860547530612;7471.02500431429;31.4806348815306;692.555387887755;1259.21268284388
2221;;;;;3318.87709559861;39.2636221854167;4600.04261690417;41.3786546644792;736.456454510417;531.200225403125
2222;;;;;2948.92359912549;29.0975680960784;2595.50504179216;24.1699759685294;696.876883656863;410.057793320588
2225;;;;;5655.80247161132;45.1261453754717;9459.29497568679;30.7793088187736;792.257494273585;1083.62879961038
2226;;;;;7080.75136045034;47.5359363857143;6764.40405533469;34.523718555;886.69212972449;1045.88609794592
2227;;;;;3581.4518826549;32.3731488803922;3967.03988159608;25.0392767430392;638.78768267647;595.942525869608
2228;;;;;3399.91399412704;35.3372356584906;4166.42897568679;40.1536913470755;737.190999367925;568.025385270755
2229;;;;;5103.35725632179;40.8394834403846;6144.33260598846;28.9394035710577;693.966243009615;1015.67819806442
2230;;;;;4053.61235503974;22.3025693038461;5737.05264541154;11.8677067864423;485.740321471154;846.399423064423
2232;;;;;4786.01888765432;41.7346827222222;2474.15593062407;16.7569073481481;787.69999387037;560.290784398148
2233;;;;;6170.76016172839;48.1475977222222;4475.83519247593;27.7330357907407;946.715836277778;721.057230694444
2234;;;;;;;;;;
2235;;;;;7432.10008533333;59.4799988;10407.995563874;48.28759638;1054.59856318;893.13547455
2236;;;;;3448.56596231292;36.5502946530612;3770.34857823878;45.6251386326531;856.997775489796;475.654448928571
2237;;;;;4490.42687636364;43.9668189272727;2173.00643552182;20.5093036163636;977.616369981818;630.855722136364
2240;;;;;4590.88694213837;40.0997900566038;4721.85876591887;303.365193169811;582.058931490566;951.770215801887
2241;;;;;;;;;;
2245;;;;;6157.19801976028;55.2220667638298;6338.19699705106;32.4735054296809;721.213779074468;1059.80713062447
2247;;;;;5527.2742888037;57.9097751833333;3664.34411872963;24.6812952517593;625.444713824074;789.200673876852
2248;;;;;4294.52968562041;54.2374924469388;4488.95393900816;20.718020632551;547.602879520408;874.229631823469
2249;;;;;4883.69277295177;53.3930057425532;4295.06844811489;27.6471624998936;666.707963542553;960.619674241489
2256;;;;;3305.69762333333;34.2125515833334;2791.07636549375;48.2713366666667;833.341840395833;415.162971822917
2257;;;;;3984.53901986667;29.09409288;1688.531755174;20.140163712;952.37162058;405.00110595
2269;;;;;;;;;;
2275;;;;;;;;;;
2283;;;;;4428.17675510204;40.3514054761905;7832.87281313673;36.3987267734694;560.602589979592;1019.84594566327
2287;;;;;3951.73840571429;33.2893768095238;1826.67685568775;26.8201412408163;1039.13051691837;293.418118581633
2292;;;;;4183.56996666667;32.8482800347222;1392.25765486875;22.39821998125;954.361042895833;281.48754553125
2293;;;;;3789.6207229932;26.9589028367347;1145.74124099388;20.821150077551;881.431243244898;257.934841540816
2294;;;;;4128.22793857467;32.987089198;593.253825928;19.5965806779;820.68188253;276.376848087
2295;;;;;3965.40344444444;33.222655537037;942.431755624074;26.5016346462963;784.091085351852;222.482451435185
2296;;;;;4888.99234305556;40.9850113819445;5531.79302174375;24.5894991125;750.151866645833;997.591763489583
2297;;;;;4164.57594230769;58.6679592115385;1524.08176189808;25.6002968153846;766.58737075;393.078074567308
2298;;;;;1313.35392380952;21.0403229;1244.94488936122;13.8992940469388;521.41277855102;139.73305694898
2299;;;;;4122.2965559305;28.3857552510638;862.338546412766;26.0934154615957;940.81392737234;260.476573007447
2300;;;;;2657.49830529615;27.3045440788462;976.705267238461;20.8031755729808;690.844895509615;207.3268399875
2301;;;;;3437.1275732375;40.43741795625;1431.849043675;23.6467699061458;880.674014510417;213.987604173958
2302;;;;;3473.3894372913;34.9242970195652;1783.32554937826;19.0566798933696;821.552559054348;240.398960138043
2303;;;;;2842.92310099456;43.3189198755102;4713.59552778367;41.5807943488776;862.971561153061;343.390485517347
2304;;;;;3165.39789215102;46.3183973653061;6024.09632574286;75.4126480692857;837.557099928571;388.937370558163
2338;;;;;3496.20662113208;17.090766408805;8854.49087868056;455.932813319057;607.228361392453;378.51174854717
2349;;;;;3338.05381886792;15.3910872691824;9513.30133151075;384.461929168113;1200.61264139245;246.368750037736
2350;;;;;2377.7625042963;44.4796963214815;3750.80960933489;191.201915686889;595.088142306667;352.192211444444
2351;;;;;3332.32830326797;11.1029558287582;7063.89825235431;406.382864625686;1175.79445882765;300.873354254902
2352;;;;;2881.81834981132;7.40522700503145;3914.68004660509;550.155321243585;957.756702524528;294.317765943396
2353;;;;;3521.72039666667;27.0136677123457;8788.89821426055;225.719770479815;913.722681737037;487.695322462963
2354;;;;;1801.42882653846;15.5317237628205;3280.88828298212;203.988724536731;415.302139880769;190.121835288462
2357;;;;;7120.09764102564;38.7520478166667;4297.88976961673;96.3558147290385;517.531399880769;2011.81890313462
2359;;;;;14317.1644307692;87.1290479705128;8091.19464653981;149.614287748269;1345.95417372692;4368.14767621154
2362;;;;;8969.98860933334;53.2419128093333;2190.2088532014;38.5245271662;1132.708634276;1111.11324986
2367;;;;;11725.6857882353;108.334532205229;10459.0339494131;106.588430488431;2425.03681772157;2454.88319378431
2379;;;;;3733.88176111111;31.8250944263889;9338.66370875146;285.214046373125;914.4067384125;367.034925104167
2390;;;;;3876.50981333333;14.7463480956522;1945.47444041449;170.564648130435;1241.7401215;757.176184076087
2401;1.19114751913366;;;;;;;;;
2403;1.16936422972159;;;;;;;;;
2405;1.15498001486041;;;;;;;;;
2423;1.19114751913366;;;;;;;;;
2425;1.18333451034216;;;;;;;;;
2427;1.42119147335234;;;;;;;;;
2445;1.46486153573663;;;;;;;;;
2447;1.4227954685347;;;;;;;;;
2449;1.22814289188813;;;;;;;;;
2467;;;;;;;;;;
2469;;;;;;;;;;
2471;;;;;;;;;;
2489;1.37938411505079;;;;;;;;;
2491;1.03612914602544;;;;;;;;;
2493;1.08849182746253;;;;;;;;;
2511;1.33855985057069;;;;;;;;;
2512;1.50827288922055;;;;;;;;;
2513;1.17862600835523;;;;;;;;;
2514;1.31998455152334;;;;;;;;;
2515;1.21556963932962;;;;;;;;;
2516;1.25489339218751;;;;;;;;;
2517;1.40815254477314;;;;;;;;;
2519;1.26757012830617;;;;;;;;;
2521;1.35397890103339;;;;;;;;;
2539;1.08414551793613;;;;;;;;;
2541;1.1400266404184;;;;;;;;;
2543;1.1699851310825;;;;;;;;;
2561;1.19833962656425;;;;;;;;;
2563;1.231454365813;;;;;;;;;
2565;1.26063672977597;;;;;;;;;
2583;1.22514186864371;;;;;;;;;
2585;1.16791545987946;;;;;;;;;
2587;1.29069870400022;;;;;;;;;
2589;1.07923004882889;;;;;;;;;
2590;1.08766395898131;;;;;;;;;
2591;1.02624646603089;;;;;;;;;
2592;1.2062561189159;;;;;;;;;
2593;1.18214444940041;;;;;;;;;
2594;1.14582171978693;;;;;;;;;
2595;1.3467867936028;;;;;;;;;
2597;1.300736609335;;;;;;;;;
2599;1.27921202882331;;;;;;;;;
2617;1.17872949191538;;;;;;;;;
2619;1.09542522599273;;;;;;;;;
2621;1.11648413048374;;;;;;;;;
2655;1.31103322357016;;;;;;;;;
2657;1.11979560440861;;;;;;;;;
2659;1.12450410639554;;;;;;;;;
2677;1.28780116431596;;;;;;;;;
2678;0.982421178306364;;;;;;;;;
2679;0.897150724740825;;;;;;;;;
2680;1.07157226537762;;;;;;;;;
2681;0.874280857947155;;;;;;;;;
2682;0.837802902993451;;;;;;;;;
2683;1.22110600979777;;;;;;;;;
2684;1.02748826875271;;;;;;;;;
2685;1.04306254455564;;;;;;;;;
2686;1.37431342060333;;;;;;;;;
2687;1.25359984768561;;;;;;;;;
2688;1.38983595462618;;;;;;;;;
2689;;;;;;;;;;
2691;;;;;;;;;;
2693;;;;;;;;;;
2711;;;;;;;;;;
2713;;;;;;;;;;
2715;;;;;;;;;;
2717;;;;;;;;;;
2735;;;;;;;;;;
2737;;;;;;;;;;
2739;;;;;;;;;;
2757;;;;;;;;;;
2759;;;;;;;;;;
2761;;;;;;;;;;
2779;;;;;;;;;;
2780;;;;;;;;;;
2781;;;;;;;;;;
2782;;;;;;;;;;
2783;;;;;;;;;;
2784;;;;;;;;;;
2787;1.24940876349943;;;;;;;;;
2788;1.35801475987933;;;;;;;;;
2789;1.28919819237801;;;;;;;;;
2790;;;;;;;;;;
2791;;;;;;;;;;
2792;;;;;;;;;;
2793;;;;;;;;;;
2794;;;;;;;;;;
2795;;;;;;;;;;
2796;;;;;;;;;;
2797;;;;;;;;;;
2798;;;;;;;;;;
2799;;;;;;;;;;
2800;;;;;;;;;;
2801;;;;;;;;;;
2802;;;;;;;;;;
2803;;;;;;;;;;
2804;;;;;;;;;;
2805;;;;;;;;;;
2806;;;;;;;;;;
2807;;;;;;;;;;
2808;;;;;;;;;;
2816;;;;;;;;;;
2825;;;;;;;;;;
2834;;;;;;;;;;
2867;;;;;;;;;;
2900;;;;;;;;;;
2933;;;;;;;;;;
2966;;;;;;;;;;
3067;;;;;;;;;;
3089;;;;;;;;;;
3111;;;;;;;;;;
3112;;;;;;;;;;
3113;;;;;;;;;;
3114;;;;;;;;;;
3115;;;;;;;;;;
3116;;;;;;;;;;
3117;;;;;;;;;;
3119;;;;;;;;;;
3121;;;;;;;;;;
3123;;;;;;;;;;
3125;;;;;;;;;;
3127;;;;;;;;;;
3177;;;;;;;;;;
3178;;;;;;;;;;
3179;;;;;;;;;;
3180;;;;;;;;;;
3183;;;;;;;;;;
3237;;;;;;;;;;
3259;;;;;;;;;;
3260;;;;;;;;;;
3261;;;;;;;;;;
3262;;;;;;;;;;
3263;;;;;;;;;;
3264;;;;;;;;;;
3297;;;;;;;;;;
3299;;;;;;;;;;
3301;;;;;;;;;;
3303;;;;;;;;;;
3321;;;;;;;;;;
3323;;;;;;;;;;
3325;;;;;;;;;;
3327;;;;;;;;;;
3345;;;;;;;;;;
3346;;;;;;;;;;
3347;;;;;;;;;;
3348;;;;;;;;;;
3349;;;;;;;;;;
3350;;;;;;;;;;
3351;;;;;;;;;;
3352;;;;;;;;;;
3353;;;;;;;;;;
3354;;;;;;;;;;
3355;;;;;;;;;;
3356;;;;;;;;;;
3357;;;;;;;;;;
3358;;;;;;;;;;
3359;;;;;;;;;;
3360;;;;;;;;;;
3361;;;;;;;;;;
3362;;;;;;;;;;
3363;;;;;;;;;;
3364;;;;;;;;;;
3365;;;;;;;;;;
3366;;;;;;;;;;
3367;;;;;;;;;;
3368;;;;;;;;;;
3369;;;;;;;;;;
3370;;;;;;;;;;
3371;;;;;;;;;;
3372;;;;;;;;;;
3373;;;;;;;;;;
3374;;;;;;;;;;
3591;;;;;;;;;;
3592;;;;;;;;;;
3593;;;;;;;;;;
3599;;;;;;;;;;
3600;;;;;;;;;;
3601;;;;;;;;;;
3608;;;;;;;;;;
3609;;;;;;;;;;
3610;;;;;;;;;;
3615;;;;;;;;;;
3616;;;;;;;;;;
3617;;;;;;;;;;
3624;;;;;;;;;;
3625;;;;;;;;;;
3630;;;;;;;;;;
3631;;;;;;;;;;
3632;;;;;;;;;;
3639;;;;;;;;;;
3640;;;;;;;;;;
3641;;;;;;;;;;
3649;;;;;;;;;;
3650;;;;;;;;;;
3654;;;;;;;;;;
3655;;;;;;;;;;
3660;;;;;;;;;;
3661;;;;;;;;;;
3662;;;;;;;;;;
3667;;;;;;;;;;
3668;;;;;;;;;;
3673;;;;;;;;;;
3674;;;;;;;;;;
3679;;;;;;;;;;
3680;;;;;;;;;;
3686;;;;;;;;;;
3687;;;;;;;;;;
3688;;;;;;;;;;
3694;;;;;;;;;;
3695;;;;;;;;;;
3696;;;;;;;;;;
3703;;;;;;;;;;
3704;;;;;;;;;;
3705;;;;;;;;;;
3712;;;;;;;;;;
3713;;;;;;;;;;
3718;;;;;;;;;;
3719;;;;;;;;;;
3720;;;;;;;;;;
3727;;;;;;;;;;
3728;;;;;;;;;;
3733;;;;;;;;;;
3734;;;;;;;;;;
3739;;;;;;;;;;
3740;;;;;;;;;;
3745;;;;;;;;;;
3746;;;;;;;;;;
3747;;;;;;;;;;
3754;;;;;;;;;;
3755;;;;;;;;;;
3760;;;;;;;;;;
3766;;;;;;;;;;
3767;;;;;;;;;;
3768;;;;;;;;;;
3775;;;;;;;;;;
3776;;;;;;;;;;
3777;;;;;;;;;;
3784;;;;;;;;;;
3785;;;;;;;;;;
3790;;;;;;;;;;
3791;;;;;;;;;;
3792;;;;;;;;;;
3798;;;;;;;;;;
3799;;;;;;;;;;
3804;;;;;;;;;;
3805;;;;;;;;;;
3810;;;;;;;;;;
3811;;;;;;;;;;
3816;;;;;;;;;;
3817;;;;;;;;;;
3818;;;;;;;;;;
3825;;;;;;;;;;
3826;;;;;;;;;;
3831;;;;;;;;;;
3832;;;;;;;;;;
3837;;;;;;;;;;
3838;;;;;;;;;;
3839;;;;;;;;;;
3846;;;;;;;;;;
3847;;;;;;;;;;
3848;;;;;;;;;;
3855;;;;;;;;;;
3856;;;;;;;;;;
3857;;;;;;;;;;
3864;;;;;;;;;;
3865;;;;;;;;;;
3866;;;;;;;;;;
3867;;;;;;;;;;
3873;;;;;;;;;;
3874;;;;;;;;;;
3875;;;;;;;;;;
3882;;;;;;;;;;
3883;;;;;;;;;;
3884;;;;;;;;;;
3891;;;;;;;;;;
3892;;;;;;;;;;
3893;;;;;;;;;;
3900;;;;;;;;;;
3901;;;;;;;;;;
3902;;;;;;;;;;
3909;;;;;;;;;;
3910;;;;;;;;;;
3911;;;;;;;;;;
3918;;;;;;;;;;
3919;;;;;;;;;;
3920;;;;;;;;;;
3927;;;;;;;;;;
3928;;;;;;;;;;
3929;;;;;;;;;;
3935;;;;;;;;;;
3936;;;;;;;;;;
3937;;;;;;;;;;
3944;;;;;;;;;;
3945;;;;;;;;;;
3946;;;;;;;;;;
3953;;;;;;;;;;
3954;;;;;;;;;;
3955;;;;;;;;;;
3962;;;;;;;;;;
3963;;;;;;;;;;
3964;;;;;;;;;;
3967;;;;;;;;;;
3971;;;;;2212.81913018518;27.6041291805556;1705.92511234568;3.20696688768518;155.674456685185;440.240103644213
3972;;;;;2166.0358597;24.045885995;650.112433733333;1.5079586049;64.9928563;320.623678322417
4007;;;;;623.930611833333;5.51865790902778;404.295725666667;2.73204090138889;14.3130655416667;96.3598102525174
4008;;;;;712.50671787234;3.76879223262411;729.474914361702;2.97818302609929;39.9726921914894;99.562521647961
4043;;;;;2627.54484872;29.7654618716667;2375.7877452;11.7950002746667;336.1314708;496.86014753575
4044;;;;;1983.14016582609;21.1771700713768;2204.14829641304;4.8440382057971;245.229768217391;375.676118249004
4079;;;;;1321.90068538182;18.4352543857576;815.250535151515;3.06909137369697;49.2587876181818;239.211417238561
4080;;;;;1411.93971123077;29.2024866490385;1018.16181358974;3.75974553448718;130.519291730769;274.797251386939
