IDEN;1_2mm;0.5_1.0mm;0.25_0.5mm;0.1_0.25mm;0.05_0.01mm
68.1;5.823332678;6.629942947;14.97147354;22.89986229;7.711981114
68.2;6.636018389;8.674795123;16.33020188;22.82630422;6.695982411
68.3;6.859421735;9.312063809;16.63010967;21.89431705;6.420737787
183;12.29;15.65;8.34;6.04;4.21
184;11.67;25.17;14.99;5.41;3.31
185;13.67;17.29;10;6.31;5.65
186;11.23;17.84;11.13;5.77;4.77
187;11.21;24.47;18.88;5.18;3.25
188;17.87;19.15;7.92;6.83;5.16
189;16.22;27.41;12.75;5.71;3.24
190;6.51;29.89;41.92;8.04;1.57
191;16.18;40.02;26.6;4.04;1.09
192;4.5;26.8;38.2;16;1.4
193;13.24;54.12;15.82;2.1;0.77
194;16.8;20.1;5.6;0.3;3.9
195;13.8;15.2;8.1;2.9;2.4
196;7.9;13.1;7.8;2.5;2.6
197;12.6;12.5;8.4;3.4;2.6
198;13.5;15.5;9.7;4;3.2
199;6.87;17.64;8.67;5.09;3.69
200.1;0.35;0.86;1.67;21.95;30.69
201;0.75;5.57;27.04;36.21;13.66
202;0.84;6.51;32.2;39.78;8.14
203;0.24;3.07;28.3;41.14;9.88
204;1.14;8.26;36.52;35.42;5.8
205;0.99;1.86;7.04;31.43;21.25
206;8.77;20.95;26.2;25.94;5.48
207;3.72;17.78;34.1;26.37;5.22
208;3.83;16.65;30.85;31.61;5.39
209;11.1;27.3;25.61;16.26;4.07
210;11.08;21.48;25.72;14.81;3.9
211;0.2;0.95;20.36;53.9;12.85
212;0.38;1.4;6.06;54.46;22.87
213;0.44;1.96;8.14;49.11;22.72
214;0.24;1.13;8.63;45.41;22.38
215;0.4;2.15;7.99;52.19;17.52
216;0.26;1.77;14.65;47.4;16.6
217;0.18;0.83;9.58;53.75;19.62
218;0.72;5.39;24.35;46.94;7.66
219;1.76;11.75;11.63;3.25;2.71
220;1.15;4.2;17.45;62.32;5.77
221;0.37;3.6;25.59;41.16;9.26
222;0.63;1.36;5.29;52.8;18.19
223;0.01;11.74;25.92;25.27;16.83
224;0.48;2.26;4.09;15.18;28.97
225;0.78;5.13;9.42;28.37;24.15
226;0.27;0.73;1.27;31.12;29.23
227;0.98;8.19;27.26;25.62;8.32
228;0.7;5.52;13.82;26.15;10.62
229;0.54;2.84;8.48;13.8;8
230;7.31;17.92;12.39;9.22;5.35
231;12.21;23.03;14.98;8.07;4.15
232;0.75;2.9;6.21;33.42;21.19
233;1.14;5.16;27.47;32.6;12.5
234;13.93;27.5;14.99;7.42;4.48
235;5.99;14.23;10.33;7.45;9.99
236;10.6;12.7;21.3;12.9;2.6
237;12.13;25.79;26.1;15.71;4.06
238;14.07;27.66;23.74;15.05;3.84
239;9.99;26.23;23.08;20.28;6.17
240;7.59;23.56;25.94;20.96;6.43
241;8.86;21.17;21.5;19.66;7.75
242;10.78;20.18;18.71;17.34;8.46
243;0.31;0.89;11.7;46.09;21.06
244;0.18;0.57;3.44;20.05;31.9
245;0.53;1.3;3.97;16.34;14.25
246;2.88;12.37;20.86;33.18;15.57
247;0.48;0.83;1.64;21.54;40.08
248;0.43;0.67;5.23;47.68;19.77
249;0.47;1.21;1.03;5.81;17.49
250;0.6;1.35;1.41;7.2;18.83
251;0.22;0.57;1.62;22.57;31.11
252;1.08;3.29;11.34;32.12;21.55
253;8.69;18.08;16.08;11.53;8
254;4.08;5.76;6.99;12.31;10.55
255;4.39;5.72;6.51;10.92;10.43
256;5.3;5.7;6.6;11.9;10.4
257;4.02;5.79;7.29;12.06;9.77
258;1.18;4.3;9.89;39.88;22.72
259;0.24;1.1;28.65;55.31;4.48
260;0.93;4.1;22.98;62.24;6.95
261;1.6;5.28;16.16;37.38;13.53
262;9.43;24.52;32.4;11.87;3.42
263;0.2;0.71;1.22;2.28;5.62
264;10.38;26.27;28.71;14.79;3.87
265;8.56;24.35;27.85;21.4;3.96
266;5.68;17.66;30.41;24.96;5.67
267;3.36;12.39;30.54;35.5;6.88
268;4.86;16.08;25.23;26.86;8.13
269;6.24;17.57;25.1;25.38;8.6
270;2.11;8.56;27.23;41.55;10.17
271;4.82;12.54;19.96;25.13;13.02
272;6.98;17.67;30.66;19.57;5.17
273;5.95;21.84;28.12;18.6;6.04
274;6.43;20.91;26.35;21.23;6.2
275;3.21;11.12;23.88;15.08;7.3
276;2.92;11.42;21.73;12.29;5.89
337;0.09;0.7;10.13;43.24;25.35
338;0.07;0.18;0.64;8.73;32.68
339;0.2;0.91;1.5;10.17;14.43
340;2.76;13.49;23.58;33.64;17.03
341;0.1;0.46;1.17;8.75;32.94
342;0.04;0.12;4.39;62.03;19.23
343;0.14;0.6;0.59;7.94;24.43
344;0.04;0.2;0.56;24.4;29.18
345;0.06;0.81;2.98;12.11;34.83
347;17.05;20.76;16.82;9.98;6.23
348;5.25;7.24;7.98;14.56;13.01
349;3.72;5.49;6.13;11.3;12
350;4.04;6.9;6.22;13.54;17.96
351;3.67;5.04;6.45;11.9;10.77
352;0.62;1.78;4.43;34.46;39.45
353;0.2;1.23;35.13;54.2;3.83
355;2.77;9.55;22.98;29.87;14.17
356;10.29;25.38;35.76;12.38;3.67
358;11.47;29.22;33.67;16.25;1.92
359;6.55;21.78;44.32;23.19;1.73
360;9.77;24.48;36.37;20;2.85
361;3.82;11.2;30.53;40.74;7.03
362;5.24;16.56;27.63;26.03;8.53
363;7.41;24.57;34.62;20.72;5.69
364;2.85;9.73;28.89;44.04;9.67
365;8.78;18.92;27.55;21.44;9.21
366;6.42;18.7;39.92;22.74;3.07
367;12.33;31.6;38.31;11.23;1.86
368;8.86;23.23;30.87;22.15;5.26
369;10.17;36.82;9.88;9.06;10.8
370;22.91;37;22.12;7.78;2.86
370.16;5.8;12.1;7.1;2.8;2.7
370.47;7.7;12.9;11.7;6.4;4.5
370.61;1.36;14.39;39.23;27.6;4.43
375;8.9;9.4;4.9;3.3;3.8
376;5.4;6.8;3.8;3.3;5.2
381;17.2;25.9;5;2.4;4.3
414;1.7;14.1;33.1;14.9;15.7
416;3.4;14.8;38.2;30.7;2.6
420;0.9;1.4;2.7;3.9;6.6
424;8.5;12.2;12.7;10.5;5.1
430.06;1.36318408;14.3880597;39.23383085;27.60199005;4.427860697
516;4.404599493;7.308516858;7.873708829;5.534983434;2.104852855
527;0.9;0.7;0.9;-1;2.8
528;4.3;6.8;7;5;2.1
529;1.8;1.5;2.4;4;2.5
544;2.1;1.9;4.8;11.8;8.1
550;1.7;1.2;2.8;3.9;1.6
749;2.762703503;32.38776517;33.79378392;15.41687222;3.132708436
750;4.504728721;26.70482827;32.55350921;20.75659532;3.459432554
751;3.388141505;34.18036871;33.93124066;14.4245142;2.566018934
752;3.51445663;17.67198405;36.01694915;26.07178465;4.037886341
753;1.466931875;17.42913973;41.07409249;24.39085032;2.809547489
754;3.845199702;14.56214339;41.99950385;26.07293476;3.150582982
755;0.709858028;15.74685063;42.5714857;26.21475705;3.00939812
756;2.69;28.19;42.98;10.5;2.75
757;3.02969703;30.0669933;43.57564244;8.749125087;2.489751025
758;2.86;36.84;39.29;7.58;2.26
759;1.85;28.17;45.59;8.81;2.93
760;13.41;48.9;21.72;2.64;1.34
761;9.809019098;39.6860314;24.64753525;4.629537046;2.449755024
762;14.07718456;45.24095181;19.25614877;3.479304139;2.039592082
763;13.24735053;48.08038392;23.32533493;2.859428114;1.359728054
764;24.03759624;42.23577642;8.419158084;0.95990401;0.349965003
765;12.98;36.71;18.55;4.7;3.2
766;13.17;37.89;15.61;4.29;2.93
767;13.18736253;42.4715057;17.06658668;4.479104179;2.819436113
768;18.26;41.13;16.86;4.03;2.71
769;13.75;42.22;16.39;4.2;2.42
770;7.9;37.42;23.17;5.39;3.56
771;0.42;5.03;27.66;36.46;9.89
772;0.38;4.45;25.01;35.09;11.53
773;0.42;3.69;20.04;34.85;17.02
774;0.54;4.57;27.68;31.78;10.32
775;2.029594081;12.31753649;34.9830034;28.14437113;6.278744251
776;1.36;9.42;33.78;31.78;8.6
777;1.199760048;8.388322336;33.42331534;33.89322136;9.888022396
778;0.629937006;6.669333067;28.32716728;35.82641736;10.92890711
779;1.309869013;8.449155084;30.3169683;32.70672933;11.16888311
780;;;32.06679332;33.41665833;11.37886211
781;0.34;2.3;15.71;41.26;21.48
782;0.429914017;2.819436113;6.448710258;27.6044791;25.52489502
783;0.64;3.79;8.92;32.96;22.89
784;0.519948005;3.479652035;8.709129087;30.59694031;24.30756924
785;0.829917008;5.409459054;13.31866813;33.11668833;15.84841516
786;0.589941006;3.349665033;7.529247075;26.73732627;18.42815718
787;0.669933007;1.909809019;7.949205079;30.1969803;12.88871113
788;0.2;1.25;7.75;29.89;18.03
789;0.419958004;1.579842016;6.03939606;29.7170283;17.03829617
790;0.4;2.15;7.43;32.65;19.38
791;0.579884023;2.959408118;9.948010398;33.51329734;23.17536493
792;0.399920016;2.839432114;6.708658268;14.80703859;23.93521296
793;1.15942029;5.687156422;11.41429285;8.215892054;5.487256372
794;0.7;3.4;5.6;7;12.5
795;1.9;5;9.7;18.6;9.8
796;0.8;4;7.2;8.8;13.4
797;0.629811057;2.769169249;6.598020594;8.637408777;14.59562131
798;0.938404712;2.036537886;3.653788559;3.903364281;6.159528801
799;1.308691309;10.08991009;29.35064935;12.23776224;6.473526474
800;1.809819018;8.00919908;15.92840716;18.18818118;11.21887811
801;0.849066027;4.175407052;9.529517531;10.1688143;8.580561382
802;2;4.5;9.2;16.3;5.5
803;1.2;5.6;10.2;15.6;17.1
804;0.885572139;0.517412935;13.38308458;53.79104478;10.06965174
805;0.53;0.92;10.88;48.16;14.07
806;8.355822089;27.91604198;29.74512744;13.86306847;3.828085957
807;7.245652608;28.85268839;32.99020588;12.45252848;3.647811313
808;5.927628948;30.16793283;32.78688525;12.58496601;3.24870052
809;10.85480328;29.92810066;26.77251847;11.47393649;3.714799281
810;7.705376774;33.38996602;28.13312013;11.18329003;3.447931241
811;6.783894495;32.3408932;30.16285343;11.85932661;3.516834849
812;8.99730081;29.9710087;25.91222633;12.63620914;3.608917325
813;6.786606697;29.05547226;31.55422289;12.60369815;3.418290855
814;9.634219468;30.42174695;33.78972616;12.95222866;2.238656806
815;10.64828688;32.53421237;33.03366297;12.00679253;2.437318949
816;10.99721338;31.55851911;30.5035828;11.42515924;2.468152866
817;16.19704237;25.80935252;25.57953637;11.85051958;2.967625899
818;15.85207396;25.02748626;26.43678161;11.04447776;3.108445777
819;14.30568034;23.93930318;24.568234;12.42887092;3.484077069
820;9.521430712;25.60695374;32.67059646;13.8275552;3.436906784
821;11.13220745;24.0831418;25.5021485;15.5091436;3.717397822
822;11.82742128;27.90952571;27.97927461;13.78039059;3.168593065
823;15.10978044;29.68063872;23.24351297;13.58283433;2.754491018
824;8.674795123;25.75454727;29.88207076;14.9910054;3.507895263
825;9.725137431;27.05647176;26.16691654;14.85257371;3.51824088
826;9.548992217;22.71003792;28.926362;18.60906007;3.701855917
827;10.63596491;28.45893142;26.81419458;13.67623604;2.950558214
828;3.285072391;12.82076885;41.38791812;23.49475786;3.904143784
829;4.328358209;15.13432836;37.21393035;22.8159204;3.661691542
830;3.134358155;11.99840287;41.85466161;24.91515273;3.723298063
831;4.518192723;18.61255498;37.94482207;21.08156737;3.418632547
832;14.51;19.66;27.57;0.34;23.2
833;8.486901086;21.1375635;28.32951489;19.92230302;4.123916725
834;10.04794247;23.46184579;29.165002;16.82980423;3.945265681
835;8.935532234;21.57921039;30.13493253;18.60069965;3.698150925
836;8.755484643;16.53370562;30.8037495;23.24491424;5.364978061
837;10.36585366;18.82247101;28.04878049;22.16113555;4.648140744
838;4.01;14.04;40.07;23.38;4.05
839;11.63302019;28.76274235;25.02498501;13.11213272;3.677793324
840;10.66597832;22.66391327;29.31337119;16.45844089;4.429530201
841;0.976484655;3.7963332;24.61139896;44.8684735;9.784774811
842;0.918989112;3.606033363;27.24003596;43.53211467;9.259814204
843;0.779688125;4.138344662;24.47021192;43.48260696;10.58576569
844;0.87;3.55;25.86;41.61;11.7
845;0.909090909;3.986013986;28.87112887;38.17182817;11.36863137
847;0.987925357;4.061470911;36.70292386;36.74284004;7.045205069
848;0.829834033;4.939012198;43.39132174;30.47390522;6.478704259
849;1.128645625;6.821813823;44.40671195;25.32960447;7.121454255
850;1.167664671;7.594810379;37.95409182;28.93213573;8.363273453
851;1.119664101;4.988503449;29.03129061;33.16005198;13.73587924
852;1.306602833;1.905046878;19.56912029;46.36943946;11.55994415
853;1.179174578;1.89867093;21.73478565;45.73798341;11.32207455
854;1.145304253;2.559506025;21.05367991;45.28433423;11.70202171
855;1.314217443;1.622859419;20.01194743;46.19673437;13.25169255
856;1.017862489;1.546751821;19.91817184;43.98762599;15.44756012
857;1.514547629;1.823435632;24.18294141;44.63929853;12.48505381
858;0.737051793;1.663346614;26.88247012;49.05378486;7.569721116
859;0.717131474;1.56374502;28.88446215;46.28486056;8.386454183
860;0.769077107;2.50699161;31.12265282;44.11705953;8.000399521
861;0.958083832;1.22754491;20.10978044;48.06387226;14.5508982
862;0.718993409;1.388056721;20.14180148;46.88436189;13.77072099
863;1.058518075;1.707609347;21.11044538;48.39225085;10.02596365
864;0.819180819;1.718281718;18.36163836;50.57942058;11.01898102
865;0.867311335;1.49536437;19.98803709;47.80181438;11.61399661
866;0.739186894;1.528318849;20.63729897;49.08600539;11.10778144
867;0.637196336;0.866188769;24.7311828;46.69454401;11.68857029
868;0.658616905;1.087715797;15.26793733;47.47031234;16.33569504
869;0.768386389;2.534677178;29.45813791;33.82895919;14.12034727
870;0.699930007;1.519848015;12.14878512;53.41465853;15.18848115
871;0.828260653;1.516814689;22.99171739;40.17563117;15.15816785
872;0.827765034;1.316445597;15.83723945;49.48638676;14.33130548
873;0.956556397;1.38501395;20.86488641;48.4954165;11.61817457
874;0.749475367;1.049265514;25.9218547;50.67452783;6.005795943
875;0.798881566;0.93868584;23.19752347;50.8687837;7.669263032
876;0.609878024;0.769846031;18.15636873;55.14897021;7.808438312
877;1.027841533;1.247380501;22.88194791;50.90310348;7.683863886
878;0.849405416;1.528929749;29.29949036;45.01848706;6.295593085
879;0.809838032;1.729654069;29.69406119;45.33093381;5.978804239
880;0.828922401;1.947468291;29.12214122;44.25247179;6.851093578
881;0.709503348;1.688817828;36.38453083;37.79354452;5.366243629
882;0.549725137;1.869065467;46.24687656;31.82408796;4.737631184
883;1.008688705;2.287026865;34.59502647;39.73834016;5.742534705
884;0.588059404;2.362204724;43.9948171;34.52606399;4.953652945
885;1.3036123;1.413075928;2.895810528;41.44691014;21.82306697
886;1.348920863;1.888489209;3.477218225;42.39608313;22.36211031
888;10.85657371;12.77888446;8.416334661;2.838645418;1.982071713
889;16.79640719;17.26546906;8.063872255;3.80239521;1.477045908
890;0.26;0.56;4.68;28.48;33.94
891;0.31968032;0.699300699;4.415584416;22.85714286;34.30569431
892;0.31961646;0.759089093;5.513383939;32.44107072;31.22253296
893;0.579884023;0.99980004;5.678864227;30.0739852;31.01379724
894;0.279776179;0.539568345;5.87529976;22.06235012;32.57394085
895;0.219692431;0.718993409;5.612143;28.69982025;31.35610146
896;0.419329073;0.71884984;4.452875399;24.1014377;34.90415335
897;0.239808153;0.579536371;5.37569944;26.49880096;33.33333333
898;1.172239243;6.820301052;13.5873185;14.10683362;20.90049287
899;1.052771855;6.743070362;15.60501066;16.51119403;22.26812367
900;1.386296987;5.865102639;16.22234071;19.02159424;19.39482805
901;0.813333333;5.173333333;15.44;19.89333333;19.34666667
902;1.297664204;7.386703933;17.28888002;20.84248353;17.7480535
903;2.077506992;9.188973232;17.51897723;21.69396724;14.88214143
904;0.759544273;3.098141115;6.955826504;16.45012992;28.50289826
905;1.038753496;3.196164602;7.830603276;12.00559329;22.79264882
906;2.379524095;14.9170166;24.25514897;15.17696461;13.19736053
907;4.354774271;19.01717938;34.2389133;16.30043947;4.354774271
908;0.759089093;2.536955653;9.348781462;18.83739513;25.50938873
909;0.419748151;2.478512892;7.115730562;13.31201279;29.32240656
910;0.519930676;2.932942274;11.22516998;20.45060659;26.28982802
911;0.81300813;3.691856591;14.79408237;22.04451553;26.50939624
912;0.826556459;2.772963605;10.7052393;18.17091055;27.42301027
913;1.717938474;6.512185378;18.75749101;23.39192968;18.61765881
914;1.718968619;6.216270238;18.0691585;23.8856686;20.12792325
915;2.057942058;6.213786214;24.61538462;25.69430569;9.91008991
916;1.378621379;7.552447552;20.63936064;24.995005;17.3026973
917;2.937062937;14.86513487;30.30969031;22.4975025;6.033966034
918;0.946035976;1.545636243;6.209193871;20.94603598;32.76482345
919;1.039861352;1.133182242;4.11945074;19.39741368;37.02173044
920;2.437075509;10.52736716;25.78905314;27.36715941;9.009188973
921;1.977231875;11.34411823;26.54284002;21.76952267;11.46395047
922;2.318145484;8.932853717;21.92246203;25.99920064;12.01039169
923;0.799573561;0.946162047;4.104477612;18.78997868;35.71428571
924;1.119776045;0.679864027;3.179364127;26.87462507;42.75144971
925;0.759696122;0.739704118;3.458616553;27.14914034;36.8652539
926;1.039376374;0.839496302;3.058165101;17.90925445;35.01898861
927;1.23752495;7.8;4.471057884;24.29141717;34.6506986
928;0.858454781;0.798562587;2.715112797;31.4;42.54342184
929;0.819180819;0.43956044;1.718281718;19.78021978;48.85114885
930;0.8;1.2;5.38;27.58;41.82
931;0.99980004;1.23975205;5.818836233;27.6144771;38.73225355
932;1.27744511;19.88023952;51.16766467;13.79241517;2.345309381
933;1.199760048;19.78604279;53.39932014;14.83803239;1.879624075
934;1.699660068;23.86522695;45.0709858;17.5764847;2.199560088
943;12.71474231;40.93088294;19.78625649;4.274870156;2.796644027
944;15.0369926;39.9720056;18.29634073;4.369126175;2.899420116
945;17.01659668;38.02239552;21.52569486;5.118976205;3.089382124
954;0.958849381;7.820615262;29.5844986;33.59968038;10.45745106
955;0.958179459;7.815151213;25.50154706;33.44645174;12.22676914
956;0.629559308;3.987208954;22.05456181;31.4379934;12.57120016
965;0.832012678;5.408082409;10.99445325;14.30269414;19.57210777
966;0.934022258;3.8354531;7.86963434;11.86406995;20.1709062
967;0.838323353;12.25548902;4.9500998;10.69860279;19.8003992
976;0.805659265;4.205148359;7.565337001;9.510709373;12.71369621
977;1.277955272;4.952076677;8.126996805;11.40175719;12.14057508
978;1.227113362;5.025321387;8.745617452;11.33619011;12.71912739
987;0.59970015;0.989505247;11.36431784;47.52623688;19.2103948
990;4.580838323;1.017964072;16.40718563;51.33732535;14.6506986
1001;6.518696261;22.92541492;36.69266147;13.85722855;3.449310138
1002;9.537601119;23.40956756;32.37790872;13.79207031;3.635274144
1003;14.30845771;25.46268657;26.97512438;12.46766169;3.512437811
1012;3.970074813;16.21945137;39.56109726;20.319202;4.309226933
1013;3.097831518;14.16008794;38.02338363;24.34295993;4.566803238
1014;3.230309073;13.12063809;39.85044865;23.08075773;4.705882353
1023;14.88196035;24.97260683;28.00079689;10.45920908;3.068034665
1026;17.22655469;28.85422915;23.22535493;9.648070386;3.209358128
1029;0.962492558;3.512601707;25.60031752;43.99682477;9.605080373
1030;0.848557452;3.593890386;26.27533194;41.68912848;11.02126385
1031;0.789763071;3.608917325;26.76197141;43.20703789;9.437168849
1040;0.739039249;1.897533207;18.88544892;46.81913512;13.612304
1041;0.539730135;1.75912044;20.97951024;46.93653173;11.6141929
1042;0.359856058;1.459416234;18.82247101;49.55017993;13.93442623
1051;1.233339964;2.516411379;23.81141834;42.34135667;9.120747961
1052;0.73985203;2.679464107;23.12537493;42.31153769;11.11777644
1053;0.749925007;1.889811019;23.51764824;42.92570743;10.81891811
1062;0.457029309;0.715350224;23.27868852;51.57476403;7.908594138
1063;0.728034307;0.937468834;24.38416276;49.43652139;7.848808218
1064;0.656847134;0.835987261;23.75597134;50.2388535;7.8125
1073;1.531304516;4.807133165;19.42236868;27.23396007;9.536731925
1076;0.317491815;1.37910507;11.18166485;36.27343983;26.04425042
1085;0.509388734;0.908909309;5.33359968;30.26368358;32.61086696
1086;0.63968016;0.859570215;5.607196402;27.72613693;34.59270365
1087;0.699510343;0.849405416;5.136404517;29.68921755;31.76776257
1096;1.248543366;4.19510571;12.23572499;30.44781089;21.4749459
1097;1.99960008;7.648470306;16.46670666;21.49570086;20.0759848
1098;2.399200267;12.69576808;19.01032989;16.3278907;15.52815728
1107;1.155358899;5.199115044;17.37954769;17.63765978;13.80285152
1108;2.041019514;11.1210673;23.347272;20.28076464;10.34448427
1109;2.58405667;13.19964083;31.45764741;26.70857029;4.399880275
1110;1.856843366;9.433962264;29.91913747;34.06209444;3.843466108
1119;0.329868053;1.139544182;2.359056377;20.11195522;41.94322271
1120;0.689104165;0.888844502;2.267052831;15.35004494;37.90072905
1121;0.319968003;0.879912009;1.879812019;14.92850715;38.09619038
1122;0.4;0.87;1.91;13.49;38.69
1131;4.22;17.07;45.94;11.57;1.75
1134;2.127659574;5.98341824;41.70412546;22.54520028;3.596044351
1137;1.99;5.89;43.16;21.12;3.25
1207;0.8;16.8;54;15.5;2.1
1209;0.9;14.1;48.3;20.4;3.4
1211;1.3;18.9;50.5;13.2;2.5
1229;0.9;18;48.3;17;2.5
1231;5.7;48.9;30;3.7;1.5
1233;13.8;43;17.1;4.2;2.2
1235;13.2;45;14.7;4.1;2.4
1237;17.9;44.7;15.1;3.2;1.9
1255;18.3;43.5;13.3;3.8;2.3
1257;20.6;45;12.7;3;1.8
1259;0.5;2.6;21.3;29.7;19
1261;0.4;3;21.3;29.4;17.3
1263;0.6;2.5;20.9;26.6;18.3
1281;0.7;3.2;19.9;39.2;15.8
1283;0.8;4.5;34.7;28.7;10.1
1285;2.4;12;9;14.1;14
1287;2.2;10.9;14;16.6;13.7
1289;4;17.3;23;12.6;9.8
1307;2.1;5.5;16.8;13.1;11.1
1309;1.4;1.6;3.3;19.2;14.1
1311;0.9;3.9;7.1;12.1;10.1
1313;1.2;2.5;4.7;10.6;13.2
1315;0.3;0.5;22.5;44.6;9.8
1333;0.6;0.9;22.7;43.6;9.2
1335;3.1;9.5;16.6;17.2;16.8
1337;5.6;15.9;18.6;12.8;13.3
1338;6.6;36.9;35.5;15;1.6
1339;4.3;29.2;37.6;20;2.8
1340;5;29.7;34.1;16.7;3.7
1341;10.6;24.7;28;13.4;3.9
1342;10.7;25.8;29.5;11.4;3.1
1343;13.5;24.4;26;12.4;3.6
1345;3;15.1;48.7;19.1;2.3
1347;3.6;14.8;43.1;22.1;2.9
1365;4.7;18;38.2;20.1;3.3
1367;13.8;33.9;26.3;8.9;2.4
1369;14.9;31.2;25.8;9.7;2.5
1387;11.6;28.6;27.7;12.3;3
1389;4.1;17.9;39.8;20.4;3
1391;4.6;16.9;40.4;20.8;3.1
1409;5.5;18.9;36.2;20.6;3.5
1410;0.7;4;28.6;41.8;9.4
1411;0.7;4.5;28.5;40.6;9.5
1412;0.5;5.9;33.7;36.4;8.3
1413;0.6;2.1;21;44.9;12.2
1414;0.4;2.2;22.7;44.1;11.7
1415;0.4;2;21.9;43.6;13.1
1417;0.3;1.9;23;45.4;10.2
1419;0.6;1.7;20.3;47;11.6
1437;0.3;1.5;22;46.8;10.5
1439;0.2;1.1;24.1;53;6.4
1441;0.3;1.2;23;53;6.7
1459;0.4;1.1;20.1;54.5;7.3
1461;0.4;1.2;23.3;50.1;7.9
1463;0.1;0.7;19.3;55.7;7.5
1481;0.2;1.2;27.5;46.7;6.7
1483;0.3;1.2;24.5;48.2;7.4
1485;0.4;1.4;27.7;45.5;8.3
1503;0.2;1.2;29.4;44.9;7.3
1504;0.5;1.4;6.6;29.4;31.2
1505;0.3;3.4;10.9;20.1;29.9
1506;1.1;11.1;28;22.7;12.5
1507;0.3;1;2.8;15.5;35.6
1508;0.6;4.6;17.2;22.1;22.8
1509;1.2;9;17.2;27.9;22.2
1533;12.2;32.5;32.3;4.8;1.2
1555;16;30.3;29.9;4.3;1.1
1577;15.3;33.1;30;4.4;1.4
1599;5.5;17.6;26.8;27.4;6.4
1602;6.4;17.5;23.8;26.6;8.3
1605;0.6;0.7;1;10.6;21.5
1606;0.7;0.4;2.8;12.6;24.4
1607;1.6;2.3;5.4;22.6;15.9
1608;1.6;3;7;21.1;15.8
1773;0.859656138;4.518192723;5.897640944;12.63494602;1.099560176
1774;0.418910832;1.795332136;6.902054658;8.757231199;16.79632954
1775;1.8;2.6;7.9;25.1;10.3
1776;2.387109608;3.839267953;6.644121743;8.215635568;7.718321066
1777;2.2;1.7;2.6;4;0
1778;4.2;9.1;13.4;9.1;5.9
1779;1.8;3;8.2;4.4;8.1
1780;0.8;0.8;2.3;11.6;20.7
1781;2.9;6;15.8;11.4;4.4
1782;0.558899398;0.881341359;4.148753224;15.24075666;16.63800516
1783;2.4;1.3;1.9;11.2;15.8
1784;0.7;1.5;7.3;10.9;8.7
1785;1.6;1.7;4.7;8.4;3.8
1786;1.1;7.3;33;24.2;7.3
1787;1.27770014;0.978239169;1.696945498;1.796765822;1.357556398
1788;0.698324022;1.197126895;1.097366321;2.474062251;2.773343974
1789;1.3;1.8;3.3;5.7;5.7
1790;1;1;1.2;8;4.4
1791;1.433977295;1.135232025;2.330213105;2.131049592;1.513642701
1792;0.942587832;2.549271637;9.018851757;8.954584404;2.677806341
1793;1.084171102;1.517839543;3.410210921;6.48531441;2.917405874
1794;1.040031397;2.021193093;6.083202512;6.416797488;5.180533752
1795;1.3;1.3;4.5;9.5;2.7
1796;1.386138614;3.04950495;4.217821782;3.128712871;1.504950495
1797;2.9;0.9;1;1.2;0.9
1798;0.9;0.6;0.9;1.4;1.1
1799;1.1;0.8;1.3;1.4;1.7
1800;1.2;2.5;10.9;26.5;15.3
1801;0.666666667;1.182795699;1.741935484;1.935483871;1.032258065
1802;0.173197662;0.432994155;1.082485386;5.542325179;19.72288374
1861;0.522041763;1.218097448;2.049497293;3.267594741;4.002320186
1863;2.602158828;2.043176561;2.968388589;5.030840401;4.66461064
1918;0.7;1.12;2.1;4.18;4.66
1954;0.058354406;0.311223497;0.622446995;33.38844583;26.11359658
2223;4.36;13.62;18.35;15.51;13.08
2224;0.36;0.73;1.49;28.78;27.97
2225;0.453343408;0.51630777;1.876337993;45.15804055;25.08500189
2226;1.86842364;1.917592684;4.03186154;36.09007769;22.61775986
2227;4.813742135;15.6796165;25.46689304;18.65574753;3.994806751
2228;2.7270003;6.642693038;13.69493557;17.15113375;19.07901309
2229;1.156355011;2.905712591;22.63293141;33.43546155;16.47558806
2230;0.691016782;5.103652517;32.24086871;34.22507404;13.71174729
2232;6.340819022;14.24482607;17.9656539;16.97490092;11.25055042
2233;1.477635783;1.218051118;2.31629393;36.12220447;26.07827476
2234;1.892775741;1.080170449;2.943216728;41.20503419;23.41690615
2235;0.19;0.27;6.93;55.73;7.36
2236;0.578726801;0.458990222;8.36160447;65.52584315;7.6032728
2237;7.095343681;12.81999597;14.43257408;12.59826648;13.76738561
2238;0.67;4.31;19.37;28.92;16.36
2240;1.2;7.4;27.7;31.7;13.7
2241;1.173991571;3.953441702;19.01464981;33.39353803;16.91751957
2245;1.689860835;2.117296223;3.538767396;29.91053678;25.08946322
2247;2.749594156;7.092126623;16.9338474;30.58035714;18.90219156
2248;1.794846084;8.462849694;30.12132758;28.98826832;11.4408904
2249;1.957259836;9.426802477;19.71240264;31.92530457;14.88915518
2256;0.960534558;3.695969931;4.802672792;5.387346001;12.80016705
2257;2.550817059;2.590673575;3.746512555;8.907931447;10.46233559
2269;0.904799371;1.809598741;13.4736428;38.41463415;22.61014949
2275;1.644245142;6.63303438;9.734678625;13.75186846;20.98281016
2283;0.955926746;2.002414973;16.86456027;41.62809418;16.28094184
2287;2.133743951;3.673559173;4.927408711;7.083150022;9.766827981
2288;6.848764812;3.65535248;4.418557943;4.418557943;7.290620607
2290;3.359223301;5.572815534;13.14563107;10.6407767;8.485436893
2292;1.935900194;3.957840396;6.194880619;12.15315122;12.58335126
2293;1.783492327;3.857320614;6.781418499;8.979676483;7.486520116
2294;6.908734053;2.060843965;3.493621197;14.62217861;21.62904809
2295;1.083550914;2.114882507;13.81201044;40.79634465;13.56396867
2296;1.477317296;1.333507648;5.59550268;30.69682311;31.04981043
2297;2.934761055;2.399365457;14.49534008;32.48066627;18.75867539
2298;3.876438522;2.503533212;4.603270745;28.02342015;23.90470422
2299;4.905284148;8.434695912;7.856430708;10.86739781;10.08973081
2300;6.633048875;9.464701319;9.561675718;13.96431342;11.2102405
2301;4.847494553;10.78431373;14.13398693;15.59095861;7.475490196
2302;7.294772411;8.646392367;9.00417412;11.07135758;10.01788909
2303;4.971948152;4.623718321;9.847165796;10.42754885;7.448249178
2304;2.062908497;3.00245098;8.598856209;14.68545752;8.067810458
2350;3.173431734;11.3099631;39.72324723;19.44649446;3.394833948
2390;0.327380952;0.833333333;4.146825397;58.9781746;16.28968254
2401;2.994857316;25.75375618;39.60875265;15.74064737;3.267117072
2403;2.223545761;22.45384157;48.33234068;14.25451658;2.203692674
2405;2.19;22.77;50.08;14.6;1.59
2423;16.54806054;44.50235542;15.83642377;4.17961311;2.475694096
2425;13.73137314;42.97429743;16.80168017;4.700470047;2.680268027
2427;13.19347783;44.73056274;15.82819646;4.61324319;2.783853649
2445;1.186677304;7.708416434;29.23813323;34.12445154;11.33825289
2447;1.29250348;8.570292305;29.60827202;30.66215948;11.40385763
2449;1.567926962;9.774734544;33.34325692;28.75855909;9.715193014
2467;0.460552663;0.86103324;2.543051662;11.113336;19.26311574
2469;0.340007556;0.812240272;2.002266717;11.1446921;18.51152248
2471;0.567375887;0.709219858;1.742654509;9.989868288;20.87132725
2489;1.791044776;7.817164179;14.94402985;11.41791045;8.152985075
2491;1.40460398;4.955130706;7.959422552;8.525165821;8.115489661
2493;1.602262017;5.862393968;9.783223374;8.162111216;7.144203582
2511;0.974776404;7.28569993;31.22299266;30.94161391;13.86795297
2512;1.487768347;8.21767349;30.78382426;30.36445332;13.09036445
2513;1.185258964;7.091633466;33.61553785;31.14541833;10.99601594
2514;13.02259384;49.52855364;15.61999644;3.344600605;1.974737591
2515;13.87947269;43.22033898;15.85687382;3.917137476;2.372881356
2516;13.77918203;39.44181148;16.42969984;4.827101984;3.17711076
2517;10.04012036;30.57171515;30.87261785;12.75827482;3.470411234
2519;9.324217202;29.46888625;29.3301625;14.26872771;4.112168054
2521;10.00597967;28.00478374;28.114411;15.29798684;4.315327885
2539;10.66721161;25.33973639;31.52140595;14.51926024;3.147031777
2541;11.45158122;23.62011393;31.8503241;15.11490866;3.280298566
2543;11.63250442;24.75288732;31.9633753;13.79669129;3.21506607
2561;3.210735586;13.19085487;41.33200795;24.76143141;4.343936382
2563;2.88;12.86;41.29;25.11;4.03
2565;3.044619423;11.84251969;40.65091864;26.70866142;4.703412073
2583;14.8346554;20.78912125;26.52724838;18.9038838;3.440815906
2585;14.34911243;20.34516765;28.15581854;19.11242604;3.619329389
2587;15.78479763;20.61204344;28.92398815;18.29220138;3.079960513
2589;13.64630993;21.39446986;28.30714144;18.93773622;3.182812811
2590;16.48182378;21.49311974;25.70342986;16.48182378;3.614705278
2591;16.57188467;22.30869001;23.8950414;17.75915395;3.681532475
2592;17.40607514;17.41606715;16.07713829;3.727018385;1.978417266
2593;13.51907255;17.07180254;17.1091997;3.627524308;1.065818998
2594;16.56133829;16.80297398;15.0929368;3.215613383;3.085501859
2595;0.796927508;2.371579453;22.21795487;44.49351896;12.28996639
2597;0.438895933;2.877206671;24.95854872;45.13800839;9.928801326
2599;1.049712814;3.149138443;23.66805308;44.58308576;12.01227966
2619;0.508458003;1.574264203;19.19428963;47.60926958;13.97281705
2621;0.599903241;1.790033866;21.45137881;49.25979681;10.94339623
2655;0.469867211;1.695607763;27.29315628;46.75178754;8.968335036
2657;0.504169091;1.910025208;28.1074268;45.91816948;8.289703316
2659;0.478278198;1.654045436;26.11598246;48.03706656;9.117178159
2677;0.416501388;0.912336374;5.543435145;46.95557319;24.67274891
2678;0.45045045;1.115888616;8.374283374;48.51556102;20.52620803
2679;0.416088766;1.000594413;7.707549039;51.26808005;18.50604319
2680;1.919348585;7.658006979;21.5102753;37.95075611;11.11865064
2681;1.615725018;6.082124112;24.71956365;40.48574663;8.912215704
2682;1.686672185;6.798427152;19.8468543;39.09354305;12.94495033
2683;3.793348927;9.183362148;37.01820401;30.22475338;4.800162717
2684;3.149928411;8.396400082;37.69687053;30.81407241;5.389650235
2685;2.973190889;7.972183028;44.72888531;25.93227172;4.353960895
2686;1.576075975;7.577288341;30.78399677;35.46170944;6.809456456
2687;1.239587465;7.596191987;35.04561682;25.1090837;7.209440698
2688;0.758483034;10.249501;45.42914172;22.81437126;4.850299401
2689;0.679661452;0.833547063;4.616568351;23.17260836;32.9443447
2691;0.805317653;0.933145852;4.60181516;26.17921513;30.88329285
2693;0.573715811;0.747164777;4.629753169;23.25550367;31.38092061
2711;0.921901752;4.122217832;15.35624918;20.76912946;23.85091532
2713;1.020408163;3.697323085;14.53750331;20.03710575;24.06573019
2715;1.110095338;4.035523051;15.59357451;20.06007575;24.00417918
2717;0.857563982;4.073428916;13.86841753;19.46938229;26.99986601
2735;1.430290068;10.26600722;43.79093704;15.27870606;6.12217618
2737;1.184801852;6.495982568;22.21163012;26.67846929;17.21367289
2739;1.178807947;5.324503311;18.01324503;22.45033113;21.28476821
2757;1.077557536;3.339098044;10.09711321;21.33829985;18.25196222
2759;1.1174707;3.461433633;12.53747615;26.84655219;14.29544835
2761;1.306397306;3.2996633;14.34343434;30.45117845;14.86868687
2779;1.123298533;1.295097132;4.58570107;29.58900489;37.6899696
2780;0.753469927;1.123595506;4.058162591;27.17779247;43.29147389
2781;1.07203556;1.241992417;4.131258988;28.80115048;41.16878023
2782;0.693333333;1.4;3.84;26.09333333;40.77333333
2783;0.947930574;1.375166889;4.35246996;27.3965287;39.1188251
2784;0.868306802;1.355084857;4.394158663;22.73385081;41.62610183
2787;17.02233251;34.70967742;22.20347395;3.533498759;1.617866005
2788;15.0138559;34.24386382;22.97110055;4.849564529;1.979414093
2789;15.45325492;36.52403164;21.86169134;3.954573109;1.561549381
2790;1.482668804;1.422560609;4.057303146;24.76457624;37.07673813
2791;0.816687986;1.082357572;2.2040736;36.15074289;29.65659746
2792;1.589455321;5.330490405;15.56503198;32.50629967;17.94921496
2793;10.1216545;23.81508516;26.68613139;15.33819951;5.177615572
2794;2.486135016;10.55651176;40.94473131;27.84471218;5.459934978
2795;15.13104839;30.74596774;19.41532258;8.084677419;4.223790323
2796;6.217008798;5.669599218;8.797653959;14.60410557;13.09872923
2797;4.73442623;12.3147541;24.4852459;17.06229508;11.01639344
2798;24.22050978;31.31001778;5.773562537;1.956135151;1.161825726
2799;0.683401235;1.393087134;5.283217243;29.55710343;36.56196609
2800;1.049920761;3.66481775;7.428684628;6.358954041;8.082408875
2801;0.759772068;6.628011597;32.73018095;35.70928721;8.057582725
2802;7.575757576;13.04181051;9.45531262;4.507096279;2.934407365
2803;9.343459578;30.02897971;25.90186869;8.703907265;3.117817528
2804;12.29486846;14.95181037;12.58140141;3.594686116;2.578796562
2805;7.463434182;24.73452214;29.58324985;22.95131236;3.165698257
2806;16.69954626;26.74097455;24.25527717;11.5506017;3.146577234
2807;18.66826395;32.53469103;20.80463213;2.445842068;1.717080962
2808;1.132991637;2.333423253;15.3223631;48.32748854;17.10277853
2816;1.393103448;4.593103448;16.88275862;41.50344828;12.71724138
2825;0.998777008;2.792498981;41.21483897;33.48960457;5.686913983
2834;5.7;4.9;10.5;29.4;15.8
2867;1.011531459;4.207970868;12.60368197;15.43597006;1.820756626
2900;8.689544451;20.85089304;24.86453943;11.13786875;3.772827614
2933;1.624379111;5.074506645;38.50181232;35.65579272;5.705463821
2966;13.1;11.4;18.2;6.2;4.9
3067;2.702169625;4.220907298;6.942800789;12.14990138;16.21301775
3089;4.738878143;10.90909091;22.01160542;18.89748549;6.789168279
3111;1.457725948;0.991253644;5.08260447;24.07191448;16.03498542
3112;1.182364729;0.781563126;5.541082164;22.89579158;14.20841683
3113;1.260997067;0.909090909;6.138807429;23.48973607;14.16422287
3114;0.635080645;0.383064516;1.25;43.46774194;36.64314516
3115;0.852557673;0.591775326;1.564694082;33.00902708;39.93981946
3116;1.000971817;0.505344995;1.739552964;39.56268222;32.6627794
3117;9.808853119;22.45472837;23.69215292;14.60764588;6.921529175
3119;8.667324778;22.46791708;22.3988154;18.6278381;6.979269497
3120;8.7;22.5;22.4;18.6;7
3121;8.504016064;19.82931727;21.08433735;18.19277108;8.925702811
3123;10.74775673;34.35692921;23.79860419;11.49551346;3.599202393
3124;11.4;33.8;24.1;9.8;3.5
3125;11.38832998;33.8028169;24.05432596;9.828973843;3.541247485
3127;10.07952286;35.68588469;21.78926441;11.28230616;3.876739563
3177;15.3458498;16.08695652;14.99011858;2.658102767;1.373517787
3178;12.73631841;15.55223881;15.48258706;2.646766169;1.393034826
3179;12.01207243;18.14889336;17.18309859;2.877263581;1.61971831
3180;9.487922705;30.55072464;28.02898551;12.68599034;2.888888889
3183;1.111111111;2.242063492;22.40079365;43.96825397;11.46825397
3189;1.1;2.2;22.4;44;11.5
3237;0.782953419;1.863230922;25.24281467;47.45292369;9.375619425
3243;0.8;1.9;25.2;47.5;9.4
3259;2.696850394;4.114173228;7.145669291;9.547244094;10.31496063
3260;3.228962818;4.344422701;7.142857143;10.01956947;9.88258317
3261;3.01369863;4.540117417;7.279843444;8.864970646;9.27592955
3262;1.83449651;1.894317049;9.152542373;48.14556331;11.31605184
3263;2.54473161;3.270377734;11.00397614;33.08151093;11.79920477
3264;2.24137931;2.75862069;8.732251521;32.80933063;12.84989858
3297;1.530343008;4.07651715;11.06860158;17.63852243;26.21372032
3299;1.124497992;3.507362784;8.340026774;13.66800535;30.04016064
3301;1.313394018;3.693107932;8.036410923;12.76983095;29.02470741
3303;1.443994602;3.63022942;6.545209177;11.65991903;32.56410256
3321;1.298527443;0.763052209;2.50334672;14.21686747;35.79651941
3323;1.049136786;0.942895086;3.081009296;22.08499336;34.10358566
3325;0.985352863;1.185086551;4.061251664;20.45272969;35.5126498
3327;1.289893617;1.183510638;4.441489362;23.13829787;36.86170213
3345;1.405184175;1.05047749;4.270122783;21.40518417;38.92223738
3346;1.941875826;1.07001321;4.068692206;23.47424042;38.05812417
3347;1.837270341;0.984251969;3.818897638;23.64829396;39.08136483
3348;1.569148936;5.997340426;18.20478723;24.72074468;21.25
3349;1.994851995;6.241956242;19.40797941;24.2985843;20.20592021
3350;1.744340879;7.057256991;21.38482024;24.96671105;18.64181092
3351;9.345063539;20.15640274;37.3313783;8.514173998;2.668621701
3352;10.93625498;24.0936255;33.42629482;9.412350598;2.161354582
3353;15.64870259;24.81037924;35.5988024;7.51497006;1.566866267
3354;1.301715439;1.60443996;8.657921292;63.96569122;16.29667003
3355;1.236506379;1.530912659;7.841020608;57.2423945;21.91364082
3356;1.518481518;1.578421578;7.692307692;58.77122877;20.91908092
3357;1.223091977;2.035225049;15.29354207;54.60861057;14.2074364
3358;0.947580645;1.945564516;13.04435484;58.03427419;14.16330645
3359;1.097804391;1.856287425;12.56487026;58.62275449;13.95209581
3360;2.023498695;9.660574413;31.68407311;35.74412533;6.488250653
3361;1.637816245;11.57123835;39.12117177;29.40079893;5.605858855
3362;1.686586985;12.9747676;40.69057105;28.85790173;4.953519256
3363;7.12;20.77;17.85;8.49;3.66
3364;6.445115811;21.87311178;17.26082578;8.751258812;3.524672709
3365;7.108910891;21.0990099;17.15841584;9.108910891;4.099009901
3366;4.297188755;12.02141901;11.16465863;6.599732262;3.11914324
3367;3.511348465;11.8024032;11.60213618;6.542056075;3.391188251
3368;3.493333333;12.58666667;11.08;6.346666667;3.16
3369;2.830440587;9.626168224;11.65554072;13.61815754;7.82376502
3370;2.426666667;8.04;11.86666667;13.6;8.373333333
3371;2.002567394;7.84338896;11.3478819;14.09499358;8.38254172
3372;5.282522996;20.10512484;28.39684625;16.7674113;4.388961892
3373;5.165125495;15.83883752;23.26287979;17.001321;5.389696169
3374;4.005340454;12.13618158;17.14285714;12.73698264;7.396528705
3591;1.168316832;1.00990099;2.97029703;6.633663366;9.069306931
3592;0.060728745;0.344129555;1.720647773;4.898785425;12.06477733
3593;2.206027181;2.757533977;8.331691944;13.5710065;12.33011621
3599;3.427991886;7.626774848;11.25760649;15.94320487;18.76267748
3600;3.71031746;8.611111111;11.92460317;15.13888889;18.47222222
3601;0.734126984;4.781746032;12.18253968;18.90873016;25.97222222
3608;2.587548638;24.80544747;43.99805447;14.95136187;2.227626459
3609;1.56;25.05;38.37;18.57;2.96
3610;2.589641434;31.63346614;29.64143426;13.04780876;1.693227092
3615;3.555992141;6.758349705;12.02357564;9.135559921;7.937131631
3616;3.191919192;6;11.13131313;9.131313131;7.777777778
3617;5.771543086;32.88577154;45.61122244;7.254509018;2.304609218
3624;2.519230769;1.634615385;5.076923077;11.19230769;13.73076923
3625;0.290135397;1.237911025;3.636363636;36.88588008;32.28239845
3630;4.545454545;13.55731225;24.34782609;16.84782609;14.64426877
3631;3.858961802;18.09990206;29.56904995;15.5337904;10.62683643
3632;4.532663317;15.46733668;58;18.32160804;1.145728643
3639;1.527494908;2.403258656;5.213849287;17.96334012;18.3910387
3640;0.967741935;2.298387097;4.879032258;16.6733871;18.06451613
3641;0.504032258;2.641129032;8.10483871;39.75806452;24.29435484
3649;0.173292559;0.295616718;0.795107034;41.86544343;38.59327217
3650;1.155082362;1.01446364;1.586982724;47.40859783;23.03133789
3654;13.30078125;37.99804688;16.85546875;4.9609375;3.7109375
3655;28.16367265;52.80439122;10.83832335;1.546906188;0.778443114
3660;2.396856582;12.85854617;32.92730845;26.47347741;7.878192534
3661;2.338709677;15.88709677;33.48790323;24.83870968;6.703629032
3662;3.74251497;21.26746507;47.20558882;18.65269461;1.826347305
3667;1.374122367;0.992978937;27.99398195;42.37713139;8.746238716
3668;0.110441767;0.301204819;14.56827309;39.01606426;28.97590361
3673;1.732283465;0.797244094;5.570866142;48.45472441;26.06299213
3674;0.08991009;0.11988012;0.999000999;24.96503497;45.77422577
3679;0.914572864;1.195979899;16.55276382;50.72361809;13.73869347
3680;0.080563948;0.120845921;20.17119839;55.91137966;14.67270896
3686;0.782409281;0.836368542;5.341966815;24.63240254;16.86226899
3687;0.1;0.72;19.39;34.41;11.08
3688;1.180684532;0.87556381;5.33297957;27.67312284;17.89599363
3694;1.017119839;0.574018127;1.842900302;34.12890232;41.33937563
3695;1.557128413;1.213346815;2.39635996;38.20020222;35.2173913
3696;0.07;0.1;1.12;17.53;51.12
3703;13.41683367;33.97795591;24.83967936;10.1503006;3.597194389
3704;12.91330645;36.34072581;24.28427419;9.627016129;3.4375
3705;6.211365902;24.24725823;38.91326022;24.15752742;2.612163509
3712;11.72517553;23.48044132;30.24072217;15.96790371;3.289869609
3713;24.55357143;28.125;32.0734127;11.29960317;1.349206349
3718;17.09645669;24.38976378;26.16141732;11.47637795;3.562992126
3719;18.24649299;25.71142285;26.33266533;10.39078156;3.046092184
3720;17.28813559;32.10368893;37.94616152;8.035892323;0.658025922
3727;6.103515625;16.85546875;42.71484375;19.31640625;3.02734375
3728;4.880239521;21.32734531;46.71656687;16.44710579;2.245508982
3733;14.16666667;20.96385542;29.30722892;17.41967871;3.273092369
3734;7.210953347;34.42190669;37.31237323;15.47667343;0.557809331
3739;14.80044912;29.33551087;23.89506992;10.56445851;3.705215882
3740;24.59621137;35.89232303;24.4666002;6.869391825;1.046859422
3745;12.43349754;31.41871921;27.21182266;12.2955665;2.886699507
3746;12.24950884;34.7740668;28.3497053;10.40275049;2.396856582
3747;9.116465863;37.41967871;39.18674699;9.447791165;0.93373494
3754;16.57057654;26.67992048;23.70775348;10.33797217;3.7972167
3755;15.79739218;29.02708124;24.76429288;9.097291876;3.179538616
3760;11.94974874;15.42713568;17.44723618;3.929648241;2.281407035
3766;1.26;1.83;21.35;49.55;8.33
3767;1.051020408;1.540816327;22.59183673;47.03061224;9.867346939
3768;0.273556231;1.195542047;21.0739615;53.69807497;10.46605876
3775;1.072834646;1.515748031;36.07283465;39.93110236;7.746062992
3776;1.003009027;1.293881645;31.02306921;45.1554664;8.365095286
3777;0.030090271;0.270812437;22.9889669;57.82347041;11.92577733
3784;0.801603206;0.631262525;6.002004008;57.99599198;15.03006012
3785;1.948818898;5.472440945;24.80314961;52.19488189;8.238188976
3790;2.354709419;6.312625251;23.72745491;37.04408818;10.26052104
3791;1.992071358;7.680872151;21.31813677;37.4826561;10.93161546
3792;2.829268293;9.453658537;26.4;46.47804878;6.995121951
3798;4.032258065;9.495967742;37.57056452;27.51008065;5.231854839
3799;2.452452452;6.976976977;50.41041041;24.99499499;2.772772773
3804;2.482482482;8.138138138;29.64964965;29.41941942;8.708708709
3805;1.785356068;10.53159478;41.30391174;24.97492477;5.727181545
3810;4.165824065;10.3033367;35.32861476;30.18200202;5.348837209
3811;2.389112903;7.036290323;44.52620968;31.34072581;4.102822581
3816;2.212301587;2.51984127;8.125;36.78571429;17.94642857
3817;2.053571429;2.341269841;9.39484127;37.17261905;14.71230159
3818;1.469712016;4.299900695;14.48857994;40.49652433;12.81032771
3825;1.516352825;0.971258672;2.675916749;54.70763132;15.62933598
3826;0.180360721;0.791583166;1.543086172;61.35270541;23.50701403
3831;3.02;4.54;7.02;9.4;11.2
3832;1.85770751;4.644268775;6.600790514;8.37944664;11.85770751
3837;1.767028628;1.332675222;4.03751234;37.61105627;28.66732478
3838;1.753507014;0.951903808;3.79759519;28.11623246;39.27855711
3839;0.18981019;0.26973027;0.719280719;22.65734266;58.68131868
3846;2.211055276;7.728643216;26.94472362;23.72864322;17.55778894
3847;1.961770624;9.265593561;26.61971831;25.91549296;15.76458753
3848;2.08;11.41;27.24;22.07;19.84
3855;1.18694362;3.818001978;11.75074184;17.93273986;31.01879327
3856;1.171797418;4.131082423;13.38629593;19.0367428;28.62959285
3857;0.331991952;2.464788732;9.39637827;17.22334004;32.43460765
3865;1.104477612;0.726368159;2.119402985;13.73134328;40.91542289
3866;0.069513406;0.139026812;0.546176763;6.305858987;39.27507448
3867;1.457953658;1.11950013;2.369174694;14.03280396;38.42749284
3873;7.801204819;19.39759036;16.75702811;9.206827309;3.945783133
3874;8.096646943;20.71005917;16.30177515;9.191321499;3.816568047
3875;10.6;22.94;12.29;5.67;2.84
3882;5.44;10.16;9.02;5.08;3
3883;5.658153242;9.508840864;8.664047151;5.068762279;2.946954813
3884;9.578313253;17.12851406;9.939759036;4.37751004;3.353413655
3891;3.184584178;6.085192698;9.127789047;10.77079108;7.931034483
3892;4.347826087;7.830021641;9.325201653;11.37123746;7.751327956
3893;1.876208897;6.67311412;8.529980658;13.86847195;12.14700193
3900;0.952858576;0.762286861;7.281845537;66.56970913;14.95486459
3901;0.740740741;0.900900901;6.846846847;55.01501502;24.63463463
3902;0.090270812;0.461384152;4.82447342;76.58976931;15.57673019
3909;0.816532258;2.106854839;15.35282258;57.45967742;11.59274194
3910;0.738188976;1.624015748;12.70669291;62.39173228;10.38385827
3911;0.229083665;1.354581673;12.28087649;67.01195219;10.08964143
3918;1.789577188;9.24287119;37.66961652;32.92035398;5.899705015
3919;1.91468254;10.28769841;41.8452381;29.23611111;5.119047619
3920;0.41;7.9;38.62;42.27;5.83
3927;14.39453125;17.01171875;14.86328125;2.421875;1.34765625
3928;17.82868526;17.8685259;15.55776892;3.844621514;1.952191235
3935;2.332657201;6.30831643;9.06693712;7.84989858;9.026369168
3936;1.752988048;4.322709163;6.354581673;7.011952191;13.34661355
3937;0.142276423;0.325203252;0.467479675;0.548780488;11.82926829
3944;5.822660099;22.36453202;22.90640394;17.35960591;9.300492611
3945;6.034136546;20.55220884;23.42369478;18.29317269;9.638554217
3946;3.632734531;19.52095808;46.79640719;17.03592814;4.730538922
3953;1.48;0.853333333;2.68;19.89333333;22.49333333
3954;0.952380952;0.785070785;2.676962677;22.12355212;21.22265122
3955;0.013333333;0.306666667;1.786666667;30.36;29.24
3962;0.69035533;1.157360406;2.720812183;2.964467005;4.304568528
3963;0.661190142;1.1420557;2.644760569;2.865157283;4.147465438
3964;0;0.140958518;0.745066452;0.724929521;5.114780507
3971;0.674603175;2.420634921;31.69642857;45.68452381;11.96428571
3972;0.546176763;3.23733863;34.24031778;46.63356504;8.411122145
4007;3.605108055;15.47151277;40.86444008;26.69941061;6.532416503
4008;3.18359375;16.7578125;39.91210938;25.52734375;7.255859375
4043;1.858141858;5.474525475;25.32467532;49.99000999;11.00899101
4044;2.029850746;8.547263682;31.10447761;45.13432836;7.184079602
4079;1.284860558;7.450199203;41.56374502;36.42430279;4.84063745
4080;1.322803554;6.762092794;40.76011846;38.70681145;4.106614018
4115;1.81;13.04;39.79;26.01138747;6.123264409
4116;2.03;13.12;44.34;22.41821048;5.488766259
4117;1.91;12.63;41.88;28.09157253;4.928521444
4118;1.12;2.81;30.81;48.83467222;4.780323316
4119;1.01;2.5;24.72;56.64265706;5.152060824
4120;1.02;1.85;22.45;54.62859466;8.20038614
