IDEN;M0.75;M5;M120;M420;M1440
22;32;25;13;11;8
23;62;44;23;18;14
24;40;36;25;21;15
25;69;55;31;25;18
26;90;80;62;53;42
27;88;72;50;41;33
28;88;62;26;19;14
29;59;45;26;21;15
30;40;30;20;18;14
31;23;16;9;8;6
32;22;17;11;9;7
33;43;26;15;13;8
49;65;61;53;46;35
50;74;66;52;39;33
51;47;41;30;25;18
52;29;12;6;2;1
53;16;13;7;6;3
54;28;20;12;8;6
55;62;54;34;18;18
56;70;54;34;24;18
57;41;26;17;15;10
58;85;67;35;20;12
59;56;43;23;18;11
60;35;19;11;6;5
61;13;9;3;4;2
62;70;66;58;46;37
63;27;19;11;10;5
64;27;16;9;7;4
65.04;56.94305694;43.95604396;25.97402597;19.98001998;14.98501499
66.08;93.86858398;84.88116637;58.91751548;45.93569003;34.9510685
67.03;65.98680264;49.990002;29.9940012;22.99540092;16.99660068
68.04;38.97661403;29.98201079;19.9880072;17.98920648;15.99040576
68.1;40.33051348;28.52646075;13.77139485;9.836710604;8.853039544
68.2;33.97961223;25.98440935;11.99280432;9.994003598;6.995802518
68.3;34.89531406;23.92821535;10.9670987;7.976071785;5.982053838
69;17.92471619;11.94981079;5.974905397;2.987452699;3.983270265
70;87.90155026;55.93735017;26.96979383;19.97762506;15.98210005
71;85.86261981;73.88178914;53.91373802;43.92971246;35.94249201
72;45.85326954;19.93620415;7.974481659;4.984051037;3.987240829
73;23.92344498;16.94577352;7.974481659;5.980861244;4.984051037
74;23.99040384;15.99360256;7.996801279;5.99760096;4.9980008
75;69.80454727;56.84084563;34.90227363;24.93019545;17.94974073
76;57.84959106;47.87552364;29.92220227;22.94035508;17.95332136
92;61.90095847;23.96166134;7.987220447;5.990415335;8.985623003
93;49.86039091;23.93298763;7.977662545;5.983246909;3.988831272
94;57.8726801;21.95170625;5.986828976;2.993414488;1.995609659
95;12.00240048;9.00180036;5.0010002;5.0010002;4.00080016
96;20.28218695;14.99118166;7.054673721;5.291005291;4.409171076
97;23;15;7;5;4
98;19.84126984;14.88095238;7.936507937;5.952380952;5.952380952
99;18.73767258;14.79289941;7.889546351;5.917159763;4.930966469
100;20.15355086;14.39539347;7.677543186;5.75815739;3.838771593
101;15.26032316;13.46499102;6.283662478;4.488330341;3.590664273
102;16.66666667;13.7254902;7.843137255;5.882352941;4.901960784
103;41;15;6;6;6
104;36.1328125;22.4609375;6.8359375;5.859375;3.90625
105;71.02272727;59.65909091;36.93181818;28.40909091;20.83333333
106;19.5;14;7.5;7;6
107;38.5;21;7.5;5;4
108;21.5;13.5;8;4;3
109;34.35804702;15.37070524;8.137432188;5.424954792;5.424954792
111;61.40350877;38.01169591;24.36647173;19.49317739;14.61988304
112;22.417154;14.61988304;7.797270955;6.822612086;5.847953216
113;91.68241966;78.44990548;53.87523629;41.5879017;31.19092628
114;65.4296875;38.0859375;26.3671875;21.484375;16.6015625
115;61.40350877;38.98635478;24.36647173;21.44249513;17.54385965
116;67.77996071;59.92141454;39.29273084;29.46954813;20.62868369
117;59.80392157;48.03921569;29.41176471;23.52941176;20.58823529
118;39.81481481;24.07407407;12.03703704;9.259259259;6.481481481
119;74.37275986;67.20430108;48.38709677;38.53046595;31.36200717
120;41.26679463;23.03262956;9.596928983;6.717850288;3.838771593
121;67.7480916;62.02290076;49.61832061;42.9389313;36.25954198
122;80.55009823;75.63850688;59.92141454;54.02750491;44.2043222
125;46.35108481;35.50295858;20.71005917;16.765286;12.82051282
126;55;45;28;21;14
127;26.64636467;21.88808527;13.32318234;12.37152646;8.564902931
128;54.00696864;43.55400697;28.7456446;22.64808362;18.29268293
129;41.74067496;33.74777975;18.65008881;14.20959147;8.880994671
130;35.21126761;27.28873239;17.6056338;14.08450704;10.56338028
131;48.61111111;36.70634921;20.83333333;13.88888889;9.920634921
132;70;63;45;38;29
192;14.1;11.1;8.1;6.1;5.1
194;47.8;39.3;26;20;14.4
195;56.8;46;28.4;22.5;14.7
196;63.5;53.4;35.3;26.2;19.2
197;62.4;51.3;32.2;24.1;17.1
198;52.8;42.8;26.9;21.9;14.9
236;41.3;37.3;26.2;21.2;15.1
243;21;10.7;4.5;3.7;2
244;43.43413842;19.78891821;5.074081591;3.653338746;2.029632636
246;17;10.4;5.5;4.8;3
247;40;19.6;9.5;6.9;3.8
248;27.1;15.3;7.2;6;2.6
249;69.9;44.3;19.8;13.8;8.9
250;67.5;40.3;15.7;10.5;5.8
251;43.6;21.5;10.8;8.1;5.1
252;33.4;18.8;9.9;7.9;5.5
253;37.5;20.4;8.3;6;4.5
254;60.6;43.8;21.8;13.7;7.3
255;61.4;44.5;32;13.7;7.1
256;57.9;42.9;22;12;6
257;64;46.1;24.4;15;7.9
258;24.3;11.5;6.6;4.6;3.6
259;11.1;6.5;4.8;3.4;2.9
260;6;2.5;2.5;1.4;1.2
261;30.4;19.2;13.2;9.9;6.3
262;21.5;14.4;10.8;8.6;6.6
263;90.6;73.5;54.6;43.8;33.8
264;20.2;14.1;9.2;8.1;7.2
265;15.1;9.5;5.7;4.9;3.2
266;18.2;10.8;5.7;4.9;3.8
267;13.1;7.5;4.6;3.8;2.3
268;20.3;12.1;5.9;4.9;3.3
269;20.2;11.9;5.7;4.9;3.3
270;12.5;7.078572151;3.842653453;3.033673779;1.719081808
271;25;14.6998775;8.370763577;6.124948959;4.185381788
272;21.4;14.1706596;8.155775308;6.116831481;4.893465185
273;20.4;13.12843476;7.123956849;5.597394667;4.884998982
274;19.5;13.02666395;7.123956849;6.004477916;4.884998982
275;39;30.7;14.5;10.7;7.7
276;45.3;36.26666667;16.66666667;12;8
277;47.9;37.16525812;23.41920375;18.42989512;14.35699012
278;33.5;25.56818182;16.23376623;12.88555195;10.1461039
279;40.7;31.34222041;19.33448662;14.85702656;11.19365015
280;40.7;35.13953962;24.44489713;19.86147892;15.2780607
281;31.6;25.13938165;16.32032438;13.68474404;10.33958439
282;38.2;28.48712992;17.29575745;13.73486621;10.27571472
283;27.4;22.29880397;15.20372998;12.66977498;10.13581999
284;8.1;6.244334777;4.129318159;3.726457851;3.222882466
285;5.8;4.43369609;3.022974607;2.619911326;2.519145506
286;8.1;6.241820195;4.329004329;4.329004329;3.825631733
287;8.3;7.057874571;5.04133898;4.436378302;3.528937286
288;45.7;37.56726571;24.46948929;19.79896436;9.239516702
289;42.2;33.57070193;21.36317396;16.98880977;13.22482197
290;51.9;40.88689992;26.44426363;20.34174125;15.35801465
291;41.7;32.67508143;21.3762215;17.81351792;13.43648208
292;50;38.19491641;24.33056953;18.89357075;13.86434688
293;57.57884028;45.98168871;28.68769074;22.17700916;16.27670397
294;41.6;16.00080507;3.019019825;1.912045889;1.006339942
295;6.8;3.821399839;1.91069992;1.91069992;1.10619469
296;6.8;5.034739704;3.121538616;2.517369852;1.611116705
297;10.3;5.525972069;2.913694364;2.411333266;1.205666633
298;9.8;6.890960681;3.952168626;2.938792055;2.026753141
299;32.6;15.61391057;5.981952753;4.156950218;3.041670891
300;6;4.422555031;2.412302744;2.110764901;1.105638758
301;6.6;4.833350116;3.020843822;2.920149028;2.013895882
302;5.8;3.822553063;2.112463535;1.911276532;1.106528518
303;6.3;4.833350116;3.020843822;2.920149028;2.013895882
304;4.8;3.815644141;2.40988051;2.008233758;1.506175319
305;10.7;5.839122118;3.926306252;3.624282694;2.214839424
306;10.1;6.336753168;3.922751961;2.916918125;2.011667673
307;12.6;9.137463601;5.823877899;4.016467517;3.815644141
308;18.7;9.480584972;4.94200706;3.328290469;2.824004034
309;12;7.521058965;4.813477738;3.610108303;2.807862014
310;12;8.232931727;5.823293173;3.915662651;3.012048193
311;11.9;3.516881029;1.909163987;1.306270096;1.306270096
312;10.4;7.24710619;5.032712632;3.8248616;3.321590337
314;7;5.020080321;3.313253012;2.81124498;2.008032129
315;11.3;6.943046891;3.823706983;2.817468303;1.911853492
316;13;6.214292874;3.006915907;2.004610604;1.804149544
317;6.5;3.516881029;2.210610932;1.808681672;1.808681672
318;22.2;7.267588574;2.826284445;2.018774604;1.816897143
319;26.2;8.052340211;2.818319074;1.811776548;1.811776548
320;20.2;5.052546483;1.818916734;0.909458367;0.909458367
321;17.2;8.31210618;4.021986862;2.681324574;2.010993431
322;22.6;9.798657718;4.295302013;2.953020134;2.684563758
323;40.1;23.2699312;8.296236342;6.070416835;4.046944557
324;32.4;24.20016407;14.35602953;10.25430681;8.203445447
325;11.8;10.09693053;6.731287022;5.385029618;4.442649435
326;17;14.14224226;12.29760197;8.198401312;6.148800984
327;18.7;11.49425287;6.76132522;5.409060176;4.056795132
328;18.7;13.69120239;8.133387556;6.777822963;5.422258371
329;38.5;20.86743044;10.22913257;7.160392799;5.114566285
330;35.3;31.50889583;23.08841505;17.92747521;13.58142062
331;4.3;3.522189796;2.012679883;2.012679883;1.20760793
332;7.9;5.551069843;3.229713363;3.027856278;2.523213565
333;7.4;5.551069843;3.12878482;3.027856278;2.220427937
334;9.9;7.060010086;4.034291478;3.126575895;2.521432173
335;14;9.640755023;5.277044855;4.262228537;3.247412218
336;13.4;8.07183937;4.237715669;3.228735748;3.026939764
337;24;10.5;4.2;2.8;0.2
338;49.3;24.7;4;2.6;0.8
339;71.64603207;60.2800893;22.73188553;10.35112645;3.044448955
340;10.9;7.8;5.2;4.4;3
341;58.2;35.5;21.4;16.6;11.7
342;16.1;8.9;4.9;3.9;2.7
344;47.4;28.2;19.2;16.1;12.7
345;51.4;27.2;15.7;13.7;10.3
346;34.2;17.90801791;6.715506716;6.105006105;4.273504274
347;28;16.8;7.9;6.1;4.5
348;53.3;37.2;19.7;13.5;7.2
349;62.3;46.2;23.7;15.9;9
350;62.6;36.7;19.2;11.3;6.3
351;66.5;47.4;25.8;16.5;9.9
352;23.2;7.6;4;2.6;1.9
353;6;3.5;2.8;2.1;1.9
354;1.5;1;0.9;0.5;0.4
355;24.1;13.7;9.6;6.8;4.8
356;14.8;10.1;7.8;5.9;5.2
357;107.5;99.1;82.6;72.03;60.3
358;12.6;9;6.7;6.1;6
359;4.4;2.7;1.9;1.8;1.5
360;8;4.9;2.8;2.7;2.1
361;8.5;4.1;2.6;2;1.5
362;18.2;10.3;4.9;4.1;3.3
363;9;4.9;2.3;2.2;2
364;6.7;3.719340571;2.211499799;1.909931645;1.206272618
365;15.7;9.807886754;6.976744186;6.066734075;4.85338726
366;8.1;7.502027575;5.271695053;4.562043796;3.852392539
367;5.5;4.024144869;2.515090543;2.213279678;2.012072435
368;11.1;6.270226537;4.045307443;3.033980583;2.83171521
369;24.5;16.9;8.5;7;5
370;8;6.1;4;3.2;2.8
370.16;68.4;56.3;35.2;26.2;17.1
370.47;50.2;39.2;21.1;14.1;10
375;66;54;35;25;16
376;75.5;57.7;34.8;24.9;17.9
381;40;35;21;15;9
414;24.4;11.3;4.7;3.8;2.8
416;11.8;7.3;4.9;3.9;3
420;82.8;63.6;36.4;26.3;17.2
424;52.6;43.9;30.2;22.4;14.6
485;20;21;5;4;4
486;24;22;5;4;4
487;23;11;5;4;3
488;36;16;8;4;3
491;17;13;6;5;5
492;58;34;20;13;9
493;82;65;50;43;34
494;70;48;32;25;19
495;24;12;6;5;4
496;56;36;19;15;12
497;80;58;34;27;21
498;41;34;22;18;14
499;81;61;27;18;11
500;68.04733728;56.21301775;36.48915187;27.61341223;19.72386588
501;54;44;26;20;15
502;17;13;10;7;5
503;20;13;9;7;5
504;67;57;42;33;25
505;57;48;34;26;20
506;36;25;19;15;12
507;72;61;41;30;21
509;37;32;27;21;15
510;87;81;66;58;48
511;62;42;27;21;15
512;87;80;64;54;43
513;44;34;23;18;15
514;64;51;31;23;15
515;20;16;10;8;6
516;69.18729293;58.46813487;38.00428766;28.25959852;18.51490937
517;42;34;23;17;14
518;75;56;32;24;17
519;25;12;7;4;2
520;23.95209581;11.9760479;4.99001996;3.992015968;2.994011976
521;30.81510934;13.91650099;5.964214712;4.970178926;2.982107356
522;30;14;6;4;3
523;21.82539683;17.85714286;8.928571429;7.936507937;5.952380952
524;25;11.5;5;5;4
525;27.88844622;14.94023904;5.976095618;4.980079681;3.984063745
526;48.75621891;39.80099502;18.4079602;18.4079602;15.92039801
527;96.9981621400858;89.85092914029;59.2199305697366;49.0095977128854;40.8413314274045
528;64.4074514466904;54.4986127625842;27.7447483154974;16.8450257629806;9.90883868410622
529;86.33494244;69.62495358;38.98997401;25.993316;22.27998515
530;28.59960552;11.83431953;3.944773176;2.958579882;1.972386588
531;22.81746032;13.88888889;3.968253968;1.984126984;1.984126984
532;34.79125249;12.92246521;4.970178926;2.982107356;2.982107356
533;21.5;15;10;8.5;7.5
534;20.47952048;14.98501499;9.99000999;8.991008991;8.491508492
535;21.97802198;14.98501499;7.992007992;6.493506494;4.995004995
535.01;37.5;12.5;5;3;2.5
536;82.83433134;71.85628743;44.91017964;32.93413174;21.95608782
537;23.97602398;16.98301698;10.48951049;8.991008991;7.992007992
538;30;17;9.5;8.5;7.5
539;12;6.5;4;3.5;3.5
540;39.5;24;9.5;7.5;5.5
541;23.97602398;16.98301698;10.98901099;8.991008991;7.992007992
542;25.47452547;17.98201798;10.48951049;8.991008991;7.492507493
543;17.48251748;12.48751249;7.992007992;6.493506494;5.494505495
544;NA;54;31.5;24;17
545;24.47552448;17.48251748;10.98901099;8.991008991;6.993006993
546;19.5;13;8.5;7;6
547;39;14;6.5;5;4.5
548;38.46153846;17.48251748;7.992007992;4.995004995;3.496503497
549;43.5;20;7;4.5;4
550;NA;57;27.5;19;12.5
591;61.38613861;41.58415842;15.84158416;9.900990099;3.96039604
592;33.86454183;21.9123506;9.960159363;5.976095618;3.984063745
593;57.88423154;41.91616766;21.95608782;15.96806387;9.98003992
594;28.97102897;16.48351648;7.492507493;5.494505495;3.996003996
595;14.5;11;7.5;7;5
596;15.96806387;11.9760479;7.984031936;6.986027944;5.489021956
597;15.42288557;12.43781095;7.462686567;6.467661692;4.47761194
605;56.31298162;39.51788184;25.6866232;20.74688797;14.81920569
606;73.10808141;71.13218731;63.22861095;53.34914049;39.51788184
607;87.89452657;81.90171794;63.92329205;51.93767479;36.95565322
608;88.64541833;83.66533865;71.71314741;61.75298805;46.812749
612;63.73232424;43.81597291;27.88289185;20.91216889;14.93726349
613;87.59705355;82.61994824;63.70694804;51.76189528;37.8260004
614;92;87;70;58;44
617;88.80994671;80.91572923;64.14051707;52.29919084;37.49753306
618;64.9740104;44.9820072;27.98880448;21.99120352;15.99360256
619;87.8769722388656;77.8909526662672;58.9175154783303;46.9342919912123;32.9538645895746
622;88.82235529;85.82834331;53.89221557;44.91017964;35.92814371
624;96.61354582;92.62948207;77.68924303;67.72908367;54.78087649
627;32.98021187;19.9880072;14.9910054;12.99220468;8.994603238
628;66.839585;55.86592179;39.90422985;32.92098962;23.94253791
629;83.96641343;73.97041184;52.97880848;42.98280688;32.98680528
631;84.86421725;77.87539936;61.90095847;50.91853035;35.94249201
633;87.02531646;80.1028481;57.35759494;46.47943038;33.62341772
634;81.91808192;70.92907093;51.94805195;41.95804196;30.96903097
638;66.82625175;43.88589667;25.9325753;20.94554159;13.96369439
639;49.44620253;33.62341772;16.81170886;12.85601266;8.900316456
640;75.75757576;56.81818182;30.90111643;24.92025518;15.94896332
641;34.75670308;13.90268123;13.90268123;12.90963257;7.944389275
642;86.65338645;79.6812749;57.7689243;46.812749;34.86055777
643;49.48535234;34.63974663;17.81472684;13.85589865;8.90736342
644;93.29098849;85.35132989;61.53235411;51.60778087;37.71337832
645;58.55498214;49.62286622;34.73600635;30.76617705;22.82651846
646;76.02685624;61.2164297;43.44391785;35.5450237;25.671406
647;87.28426899;75.38186868;51.57706804;41.65840111;29.75600079
648;90.08117205;72.26291823;35.63650762;24.74757474;15.83844783
649;50.80693365;38.85236103;24.90535963;18.92807332;13.94700139
651;71.68458781;52.76782159;29.86857826;23.8948626;16.92552768
653;62.54964257;46.66401906;27.79984114;22.8355838;14.89277204
654;54.32635322;41.48557882;22.71829316;16.7917819;10.86527064
655;49.29022082;38.44637224;24.64511041;19.71608833;13.80126183
656;93.78084896;87.85784798;62.19151037;39.48667325;32.57650543
657;82.67716535;56.1023622;28.54330709;21.65354331;14.76377953
658;49.72155927;35.79952267;20.88305489;16.90533015;11.93317422
659;86.86587908;55.59416261;27.79708131;20.84781098;12.16122307
660;55.61072493;42.70109235;24.82621648;19.86097319;14.89572989
661;44.22169811;32.42924528;18.67138365;14.74056604;8.844339623
662;44.38745315;31.56441113;17.75498126;14.79581772;9.863878477
663;41.88272836;31.91065018;17.94974073;14.95811727;10.969286
664;78.38856916;73.42726731;53.58205993;43.65945624;29.76781107
665;76.51033386;68.56120827;52.66295707;45.70747218;35.77106518
666;22.71829316;14.81627815;7.902015014;5.92651126;2.96325563
667;84.29194764;71.400238;44.62514875;35.700119;26.77508925
668;71.80798741;55.08557938;33.44481605;26.55911863;18.68975015
669;89.92094862;75.09881423;48.41897233;36.56126482;24.70355731
672;19.88862371;13.9220366;6.961018298;6.961018298;3.977724741
673;61.41045959;45.56259905;26.74326466;21.79080824;14.85736926
674;51;23;10;9;5
675;64.66374851;55.71030641;34.8189415;27.8551532;16.9120573
677;35.58718861;21.74772637;9.88533017;7.908264136;3.954132068
679;54.58515284;34.73600635;15.87931719;11.90948789;7.939658595
680;86.18981573;79.25500297;62.41331484;52.50643947;39.62750149
683;64.5609853;53.6352801;32.77711561;27.81088598;20.85816448
686;73.38357795;57.51685839;37.68345894;31.73343911;21.81673939
688;75.4866905;59.59475566;37.74334525;32.77711561;23.83790226
689;89.28571429;81.34920635;55.55555556;45.63492063;33.73015873
694;79.72892167;55.81024517;29.89834562;24.91528802;15.94578433
697;29.54500689;19.69667126;12.80283632;11.81800276;8.863502068
698;92.0792079207921;73.2673267326733;43.5643564356436;33.6633663366337;23.7623762376238
700;84.69568643;64.0141816;38.40850896;29.54500689;21.66633839
702;86.79169992;61.85155626;32.92098962;25.9377494;18.95450918
705;87.75428799;73.79337854;50.85759872;43.877144;34.90227363
706;89.46322068;70.57654076;40.7554672;32.80318091;25.84493042
707;88.04907004;81.12386229;62.32686981;54.41234666;45.50850811
710;87.23235527;63.44171293;40.64234734;33.70340999;28.74702617
711;83.30027767;60.49186831;36.69178897;30.74176914;24.79174931
713;42.63335316;22.80388658;14.87209994;12.88915328;9.914733294
714;43.69414101;22.84011917;14.89572989;13.90268123;9.930486594
715;40.60209943;21.78649237;14.85442662;13.86413151;10.89324619
717;97.845424;93.89207353;76.10199644;67.2069579;56.33524412
718;97.24151617;92.28021433;78.38856916;68.46596547;56.55884104
719;87.66686591;64.75393505;34.86750349;27.89400279;21.91671648
720;89.5166103;60.67236921;31.82812811;25.86035409;19.89258007
721;79.9840032;57.98840232;32.99340132;26.99460108;19.9960008
722;85.46168959;60.90373281;33.39882122;26.52259332;20.62868369
723;82.22706558;59.44125223;30.71131365;25.75787597;19.81375074
724;80.18214215;59.39417937;34.64660463;27.71728371;20.78796278
737;85.19912819;73.31087775;48.54368932;39.62750149;29.72062611
740;87.02531646;74.1693038;49.44620253;40.54588608;29.66772152
743;85.55511341;67.64822921;33.8241146;24.8706725;15.9172304
744;90.34948372;70.49245433;35.7426529;24.82128674;16.87847498
745;86.68792348;68.75249103;34.87445197;24.91032284;16.93901953
746;86.8878357;68.12796209;36.53238547;26.65876777;18.75987362
747;91.61521609;69.70722964;32.86197969;23.89962159;16.92889863
748;88.98556456;73.16590864;35.59422583;25.70694087;17.79711291
749;9.499050095;6.99930007;2.499750025;1.99980002;0.99990001
750;12.5;8.5;5.5;4;3
751;10.99890011;9.9990001;2.99970003;1.99980002;0.99990001
752;12.99870013;7.99920008;5.99940006;4.499550045;2.99970003
753;11.49885011;7.99920008;4.99950005;1.99980002;1.499850015
754;12;9;5.5;4.5;3.5
755;12.99740052;8.99820036;4.49910018;3.99920016;2.4995001
756;12.5;9;7.5;5;4
757;11.99880012;9.499050095;4.99950005;3.99960004;2.499750025
758;11;8.5;6;4;3
759;13;10;5;4;2
760;11;8;5.5;4;3
761;17.99820018;11.99880012;5.99940006;4.99950005;2.99970003
762;15.99680064;9.9980004;6.49870026;4.9990002;3.99920016
763;10.49790042;6.99860028;4.9990002;3.99920016;1.49970006
764;22.49775022;14.99850015;9.9990001;7.99920008;5.99940006
765;25;15.5;8;6;4.5
766;24.5;15.5;10;7.5;5.5
767;18.49630074;11.99760048;5.99880024;4.9990002;2.99940012
768;16;10.5;6.5;5;3.5
769;18;11;5;4;2.5
770;22;14;8;6;4
771;19.5;14.5;6;4;3
772;23;15;8;6;4
773;20;13.5;4;3;1
774;26;16;9;4;2.5
775;16.49670066;10.99780044;6.49870026;4.9990002;2.99940012
776;16.5;11;8;2.5;2
777;11.99760048;6.99860028;5.49890022;2.99940012;1.99960008
778;18.99810019;12.99870013;8.499150085;2.99970003;1.499850015
779;17.49825017;10.99890011;5.99940006;3.99960004;2.499750025
780;15.99840016;9.9990001;6.499350065;1.499850015;0.99990001
781;20.5;9;5.5;3;1.5
782;36.49270146;20.99580084;11.99760048;4.49910018;2.99940012
783;31;18;10;7;4.5
784;34.99650035;19.9980002;11.99880012;4.499550045;2.99970003
785;31.99680032;19.9980002;11.99880012;7.99920008;5.499450055
786;42.49575042;29.49705029;16.99830017;7.99920008;4.99950005
787;45.99540046;32.99670033;18.49815018;11.49885011;6.99930007
788;41;27.5;16;7.5;4
789;42.99570043;30.99690031;16.99830017;9.9990001;5.99940006
790;38;26;15.5;7.5;4
791;29.9940012;17.99640072;8.99820036;5.49890022;2.99940012
792;45.99080184;27.99440112;15.49690062;6.99860028;3.99920016
794;65.1;45.4;18.7;11.2;6.9
795;53.1;34.4;14.8;10.8;4.9
796;55.4;36;15.6;8.8;3.9
799;40.95904096;27.47252747;13.98601399;9.490509491;6.993006993
800;44.49555044;29.49705029;13.99860014;10.4989501;6.499350065
802;64.1;45.4;20.7;12.8;6.9
803;41.4;28.6;14.8;9.9;4.9
804;19.90049751;13.43283582;7.960199005;5.472636816;3.980099502
805;26.5;16.5;8.5;6.5;5.5
806;15.992004;11.994003;7.496251874;6.496751624;3.998001
807;15.99040576;11.99280432;7.995202878;5.996402159;4.497301619
808;14.9940024;10.99560176;6.49740104;4.49820072;3.99840064
809;17.97483523;13.48112642;8.987417615;7.489514679;5.492310765
810;15.99040576;11.49310414;6.995802518;4.997001799;4.497301619
811;16.98471376;12.48876012;7.992806474;6.49415526;4.495953642
812;16.49505148;12.99610117;8.497450765;5.498350495;4.99850045
813;15.992004;12.49375312;7.496251874;6.996501749;5.497251374
814;9.494303418;6.995802518;5.996402159;3.997601439;3.497901259
815;8.990110878;7.491759065;3.995604835;3.995604835;2.996703626
816;14.43073248;11.94267516;8.459394904;6.96656051;7.961783439
817;14.98800959;11.99040767;7.993605116;5.995203837;4.496402878
818;16.99150425;13.49325337;7.996001999;7.496251874;5.997001499
819;18.46860337;13.97624039;9.483877408;6.988120196;5.490665868
820;14.48696173;10.9901089;6.49415526;5.495054451;4.495953642
821;16.98810832;12.99090637;8.993704407;6.495453183;4.996502448
822;14.9461937;11.45874851;6.476683938;5.480271024;4.982064568
823;13.97205589;10.47904192;7.48502994;4.99001996;4.99001996
824;16.49010594;12.4925045;7.495502698;6.995802518;5.496701979
825;16.49175412;11.994003;8.495752124;4.997501249;4.997501249
826;16.46377968;12.47256037;6.984633806;6.984633806;5.487926562
827;15.45055821;11.96172249;7.974481659;4.984051037;4.984051037
828;15.47678482;11.98202696;6.490264603;5.491762356;3.994008987
829;14.92537313;11.94029851;8.457711443;4.47761194;3.980099502
830;13.47574366;10.98023558;6.488321022;5.989219405;4.991016171
831;12.495002;9.996001599;5.99760096;2.99880048;2.99880048
832;15;12;7;6;4
833;17.93007272;13.94561211;6.972806056;5.976690905;3.984460604
834;17.47902517;13.48381942;7.990411506;5.99280863;3.995205753
835;16.99150425;12.99350325;7.996001999;6.996501749;4.997501249
836;15.95532509;11.96649382;6.980454727;5.983246909;3.988831272
837;16.49340264;11.99520192;6.99720112;5.99760096;3.99840064
838;16;12;7.5;6;4
839;17.4895063;12.99220468;7.995202878;6.995802518;4.997001799
840;16.94070752;12.95465869;7.972097658;6.975585451;4.982561036
841;15.94260662;10.96054205;5.978477481;4.982064568;3.487445197
842;16.48186994;11.4873639;6.992308461;5.993407252;3.995604835
843;15.99360256;10.99560176;5.99760096;4.9980008;3.49860056
844;18;12;7;6;4
845;16.48351648;10.98901099;5.994005994;4.995004995;3.496503497
846;16.5;12;7;6;4
847;15.46751821;10.47799621;6.985330805;4.989522004;2.494761002
848;14.49710058;10.99780044;5.99880024;4.9990002;3.49930014
849;15.48142229;10.98681582;7.491010787;4.994007191;2.996404315
850;16.96606786;11.47704591;5.988023952;5.988023952;3.992015968
851;17.99460162;11.49655103;6.99790063;4.498650405;2.99910027
852;20.44683822;13.46499102;6.483143826;4.987033712;3.490923599
853;18.48705906;11.49195563;6.495453183;3.997201959;2.498251224
854;19.42037646;11.45304253;5.975500448;4.979583707;2.987750224
855;18.41895659;9.956192752;6.471525289;3.982477101;2.489048188
856;19.45913581;13.47170941;4.989522004;4.490569803;2.993713202
857;17.93543244;11.95695496;5.978477481;3.985651654;2.491032284
858;12.94820717;9.462151394;5.478087649;4.980079681;2.988047809
859;18.42629482;9.960159363;6.474103586;3.984063745;2.490039841
860;12.9844187;8.989212944;4.994007191;4.494606472;2.497003596
861;16.46706587;10.47904192;5.988023952;3.992015968;1.996007984
862;15.47833034;9.986019573;4.993009786;4.493708808;2.496504893
863;18.97343719;12.48252447;6.490912722;3.994407829;1.997203915
864;16.98301698;10.98901099;5.994005994;4.995004995;2.997002997
865;18.94128203;12.46136975;6.978367062;4.486093111;2.492273951
866;15.48296873;9.489561482;6.492857856;4.994506043;2.497253022
867;15.43209877;9.458383114;6.471525289;4.480286738;2.986857826
868;17.46332701;9.480091807;5.987426405;4.989522004;1.995808802
869;18.46123141;11.47590061;5.987426405;4.989522004;3.492665403
870;15.49845015;8.99910009;5.99940006;4.99950005;2.499750025
871;18.46123141;10.47799621;5.488474204;4.989522004;2.993713202
872;16.9542236;9.474419069;5.983843622;4.986536352;1.994614541
873;16.93901953;9.964129135;5.480271024;4.483858111;3.487445197
874;14.4898571;9.993004897;6.995103428;5.496152693;2.498251224
875;15.47833034;11.48392251;5.991611744;4.993009786;3.49510685
876;15.49690062;10.99780044;7.4985003;6.49870026;2.99940012
877;15.96647041;11.97485281;5.488474204;4.490569803;2.993713202
878;15.98880783;10.49265514;7.994403917;5.995802938;3.497551714
879;16.49670066;12.4975005;6.99860028;5.49890022;3.99920016
880;14.98052532;10.98571857;7.989613502;6.491560971;3.495455907
881;15.98880783;10.99230539;6.495453183;3.997201959;3.997201959
882;13.9930035;10.49475262;6.496751624;4.997501249;4.997501249
883;14.98052532;10.98571857;5.992210127;3.994806751;3.994806751
884;12.9572411;8.970397688;5.481909698;4.485198844;4.485198844
885;30.35127873;23.88297343;3.980495572;1.990247786;2.487809732
886;27.47527225;11.48965931;4.495953642;2.497752023;2.997302428
889;53.89221557;46.90618762;32.43512974;25.4491018;18.96207585
890;26.99460108;9.9980004;3.99920016;1.99960008;0
891;29.9880048;9.996001599;4.9980008;1.99920032;1.99920032
892;32.98021187;11.99280432;6.995802518;2.998201079;1.99880072
893;33.93213573;10.97804391;3.992015968;1.996007984;1.996007984
894;28.94789379;9.982032342;4.991016171;2.994609703;1.996406468
895;29.97002997;9.99000999;3.996003996;2.997002997;1.998001998
896;25;9;4;3;2
897;27.99440112;11.99760048;5.99880024;2.99940012;1.99960008
898;36.64712154;11.99360341;3.997867804;1.998933902;1.332622601
899;37.32835622;15.33128916;5.999200107;3.332888948;1.999733369
900;31.32080501;12.66160203;5.99760096;3.99840064;2.665600426
901;30.96284459;16.97962445;7.990411506;3.995205753;2.996404315
902;27.98321007;13.99160504;6.995802518;3.997601439;1.99880072
903;28.97102897;15.98401598;7.992007992;4.995004995;3.996003996
904;25.97402597;11.98801199;5.994005994;2.997002997;2.997002997
905;21.97802198;13.98601399;6.993006993;3.996003996;2.997002997
906;33.97734843;11.32578281;3.99733511;1.998667555;1.332445037
907;37.99493401;13.33155579;3.999466738;1.999733369;1.333155579
908;22.97243308;13.98322014;6.991610068;3.995205753;2.996404315
909;26.96225285;13.9804274;6.990213701;4.993009786;1.997203915
910;27.97761791;15.98721023;5.995203837;3.996802558;1.998401279
911;19.97602877;12.9844187;6.991610068;5.99280863;4.994007191
912;44.94606472;16.97962445;5.99280863;4.994007191;2.996404315
913;47.97121727;18.98860684;6.995802518;4.997001799;2.998201079
914;37.99493401;15.33128916;5.332622317;5.332622317;3.332888948
915;32;14;5;5;3
916;37.96203796;12.98701299;4.995004995;4.995004995;2.997002997
917;30.98760496;13.99440224;5.99760096;4.9980008;2.99880048
918;32.99340132;14.9970006;6.99860028;5.99880024;2.99940012
919;41.96642686;14.98800959;6.994404476;4.996003197;2.997601918
920;32.95386459;13.9804274;4.993009786;3.994407829;2.995805872
921;36.94089457;12.97923323;4.99201278;4.99201278;2.995207668
922;34.97202238;14.98800959;4.996003197;4.996003197;2.997601918
923;40.6287465;16.65112562;7.326495271;5.994405222;4.662315173
924;37.97974414;15.32515991;7.329424307;5.996801706;3.997867804
925;36.6568915;15.99573447;7.331378299;5.998400427;4.665422554
926;36;16.66666667;8;6.666666667;4.666666667
927;34.9371132;16.96945498;6.987422639;6.987422639;3.992812937
928;34.95805034;16.97962445;6.991610068;6.991610068;4.994007191
929;41.97481511;16.98980612;5.996402159;4.997001799;2.998201079
930;50.93887335;20.9748302;7.990411506;6.991610068;3.995205753
931;28.99420116;14.9970006;7.99840032;6.99860028;4.9990002
932;9.481037924;7;5;4;3
933;7.99840032;5.99880024;4.5;3;2
934;8;7.5;4;3;1.5
943;15.98082301;9.988014383;6;5.5;3.995205753
944;17.4965007;8.99820036;6;4.5;3.49930014
945;17.47902517;9.488613664;5.5;4.5;2.996404315
954;15.47060585;10;5.5;4.5;3
955;17.49475157;10.99670099;6;4;2.5
956;24.98251224;14.98950734;6.995103428;5.496152693;3.497551714
965;43.58161648;22.78129952;11.9;7.9;4.952456418
966;50.67567568;26.82829889;13.9;7.9;3.974562798
967;51.89620758;28.94211577;13;6;2.994011976
976;59.93318923;38.3;17.7;11.8;5.9
977;58.9057508;36.94089457;16;11;5
978;55.51227113;36;15.6;9.7;4.9
980;75;51.7;19.5;8.8;3.9
984;56.3;39.5;16.8;10.9;4.9
987;18.49075462;9.495252374;5;4;2.99850075
990;14.97005988;7.984031936;4;3;2.49500998
1001;14.9970006;10.49790042;6.5;4.5;2.99940012
1002;15.47987616;12;7.5;6;4
1003;15.42288557;11.4;7;5.472636816;3.980099502
1012;13.96508728;10.5;6.5;3.990024938;2.493765586
1013;14.4898571;10.5;6;3.997201959;2.498251224
1014;23.4;10.5;6;4.5;2.991026919
1023;16.43589999;12.5;8;6.5;3.984460604
1026;15.49690062;11.5;7.5;5.99880024;4.49910018
1029;13.89164517;9.4;5.5;4.465171661;2.976781107
1030;14.47539183;9.5;5.5;3.99321154;3.494060098
1031;14;9.5;6;4.5;3.498950315
1040;15.979227;10.5;6.491560971;4.494157595;2.996105063
1041;15.49225387;9.5;6;4;2.99850075
1042;13.49460216;8.5;5;3.49860056;2.99880048
1051;19.89258007;12.4;7;4.973145017;3.978516014
1052;17.4965007;11.5;7;4.9990002;3.99920016
1053;17.5;12;7;5.5;4.499550045
1062;13.90958768;9.4;6;4.5;3.47739692
1063;14.5;9.5;6;4;2.991921811
1064;14.92834395;10.4;6.5;4.97611465;3.98089172
1073;42.64392324;35.9;26.2;20.35278155;16.47606125
1076;21.3314813;9.4;4.5;2.480404802;1.488242881
1085;29;12;5;3;2.497003596
1086;31.984008;13;5;3.5;2.498750625
1087;29;12.5;5;3.5;1.998600979
1096;29.13267854;10;5;3.329448976;3.329448976
1097;32.99340132;12.5;5.5;3.49930014;2.99940012
1098;28.32389204;12.5;5;3.332222592;3.332222592
1107;39.9;16.6;7.4;4.9;4.30186824
1108;30.86419753;14.9;7.5;5;3.982477101
1109;20;12;6.5;4.5;3.491968473
1110;20.96436059;12.5;6.5;5.989817311;3.494060098
1119;38.98440624;9.5;2;1.99920032;0.49980008
1120;37.45131329;10.5;2;1.498052532;0.499350844
1121;31.5;10.5;2.5;2;0.499950005
1122;40.5;11;2.5;1.5;0.5
1131;19;15;9;8;5.5
1134;23.4741784;18.97912296;12.98571571;7.991209669;6.492857856
1137;24;19;13;11;8.5
1140;13;9.5;5.5;5;4
1142;8.490660274;5.993407252;3.995604835;3.49615423;2.497253022
1143;28.5;22;13.5;11;8.5
1145;31.4402635;22.95638287;12.97534684;9.981036032;6.986725222
1147;30.44519864;22.95867439;13.97484528;11.47933719;8.983829108
1149;37.46253746;28.97102897;16.48351648;12.98701299;9.490509491
1151;35.96044351;26.97033263;14.48406753;11.4873639;7.991209669
1153;35.99280144;27.99440112;15.99680064;12.99740052;9.49810038
1155;34.47586689;26.98111322;14.98950734;11.99160588;8.494054162
1157;25;19;11.5;10;7.5
1175;19.49610078;15.99680064;10.49790042;9.49810038;7.4985003
1176;15.47833034;12.98182544;7.988815658;6.490912722;5.492310765
1191;17.47553425;13.9804274;8.488116637;7.489514679;5.991611744
1192;15.47678482;13.47978033;7.988017973;6.989515726;5.491762356
1207;8.491508492;6.993006993;3.996003996;2.997002997;2.497502498
1209;10.99890011;8.499150085;4.99950005;3.499650035;2.99970003
1211;13.4919048570857;8.4949030581651;4.99700179892065;3.99760143913652;2.99820107935239
1213;53.78486056;35.85657371;15.93625498;22.90836653;6.972111554
1215;63.87225549;46.90618762;20.95808383;12.9740519;7.984031936
1229;11.47704591;8.982035928;5.489021956;3.992015968;2.994011976
1231;8.955223881;6.965174129;4.975124378;4.47761194;3.482587065
1233;16.47528707;10.98352471;5.99101348;4.992511233;3.494757863
1235;15.90457256;10.93439364;6.461232604;5.467196819;3.976143141
1237;14.48262085;9.988014383;5.99280863;4.494606472;3.495805034
1255;14.95066281;9.967108542;5.481909698;3.986843417;3.48848799
1257;13.48516632;8.990110878;5.493956648;4.495055439;3.995604835
1259;24.45353828;12.97534684;5.489569817;3.992414413;2.994310809
1261;24.87562189;12.93532338;5.472636816;3.980099502;2.487562189
1263;25.48470917;14.49130522;5.996402159;3.997601439;2.998201079
1281;20.39800995;10.44776119;4.47761194;3.482587065;2.487562189
1283;16.47528707;10.98352471;5.491762356;3.994008987;2.496255617
1285;47.61904762;33.73015873;19.84126984;13.88888889;7.936507937
1287;38.91438835;25.94292556;15.96487727;11.97365795;6.984633806
1289;28.86146497;17.91401274;10.94745223;6.96656051;4.97611465
1307;53.98920216;38.99220156;21.99560088;13.99720056;6.99860028
1309;53.45784678;45.94255267;49.77109873;49.77109873;71.10156961
1333;60.52788252;40.68267513;14.88390554;7.938082953;3.969041476
1335;69.40313306;45.60777315;17.84651993;9.914733294;4.957366647
1337;19.87083954;12.41927471;6.95479384;5.464480874;3.974167909
1338;18.46675983;11.47933719;5.989219405;4.991016171;2.994609703
1339;21.49355193;13.49595121;6.99790063;4.99850045;3.498950315
1340;42.94846185;29.96404315;17.97842589;12.9844187;8.989212944
1341;32.94728435;21.96485623;11.98083067;7.987220447;4.99201278
1342;29.95207668;19.96805112;12.97923323;8.985623003;6.988817891
1343;3.972983711;2.979737783;1.489868892;0.993245928;0.496622964
1345;5.99940006;3.99960004;2.499750025;1.99980002;1.499850015
1347;8.978451716;6.48443735;3.990422985;3.491620112;2.494014366
1365;16.48186994;11.9868145;7.491759065;4.994506043;3.49615423
1367;17.98201798;12.98701299;8.491508492;6.993006993;4.995004995
1369;16.97114905;11.97963462;7.487271638;6.488968753;4.492362983
1387;10.48427359;7.988017973;4.992511233;3.494757863;2.496255617
1389;11.99160588;9.493354652;5.496152693;4.496852203;3.497551714
1391;12.99220468;9.494303418;5.996402159;4.497301619;3.497901259
1409;13.49460216;9.496201519;5.99760096;4.49820072;2.99880048
1410;18.48890666;9.994003598;6.496102339;4.997001799;3.997601439
1411;14.48551449;10.48951049;6.493506494;4.995004995;3.496503497
1412;13.42615614;9.945300845;6.961710592;4.47538538;3.480855296
1413;12.9160457;9.935419771;5.961251863;4.967709886;3.974167909
1414;11.96291496;8.972186223;4.984547902;4.486093111;3.489183531
1415;13.5;9;5;3;2
1417;14.92091913;9.449915448;5.968367651;3.978911768;2.984183826
1419;13.49190486;8.494903058;4.997001799;3.997601439;2.998201079
1437;17.46506986;10.97804391;4.99001996;3.493013972;1.996007984
1439;17.8944229;10.93548066;5.964807635;4.473605726;3.47947112
1441;15.96647041;9.979044008;4.989522004;3.991617603;2.993713202
1459;16.49340264;11.49540184;5.99760096;4.49820072;2.99880048
1461;17.97842589;11.48621654;6.991610068;4.994007191;3.495805034
1463;16.96606786;9.98003992;5.988023952;4.491017964;2.994011976
1481;13.44755454;10.95726666;5.47863333;3.486403028;2.490287877
1483;13.99860014;9.9990001;5.99940006;3.99960004;2.99970003
1485;14.97902936;9.986019573;5.492310765;4.493708808;3.49510685
1503;14.99550135;10.49685094;5.99820054;3.99880036;2.499250225
1504;13.94283438;9.959167414;5.975500448;3.485708595;2.987750224
1505;15.45826269;9.973072704;6.981150893;4.487882717;2.991921811
1506;15.94896332;11.96172249;6.479266348;4.984051037;3.488835726
1507;14.40492748;10.43115438;5.463938009;3.973773098;2.483608186
1508;16.29468694;11.85068141;5.925340707;4.44400553;3.456448746
1509;32.16123499;12.14979989;4.288164666;2.144082333;1.429388222
1533;34.12484004;12.79681501;3.554670837;1.421868335;0.710934167
1555;24.00790849;13.41618415;4.942804689;3.530574778;2.118344867
1577;39.50896007;13.40482574;2.822068576;1.411034288;0
1599;32.37051793;12.94820717;3.984063745;2.988047809;1.992031873
1602;25.40599781;9.963136395;4.483411378;2.988940919;2.490784099
1605;15.45517998;13.46096321;8.475421278;7.478312893;5.982650314
1606;16.92721298;13.94005775;8.961465698;7.965747287;6.47216967
1607;15.47987616;12.98312194;8.488964346;6.990911815;5.992210127
1608;13.92480605;10.94091904;5.96777402;4.475830515;2.98388701
1609;13.48651349;10.48951049;5.994005994;4.495504496;2.997002997
1610;63.83814575;29.46375958;9.821253192;6.874877234;3.928501277
1611;55.20504732;27.60252366;9.858044164;5.914826498;2.957413249
1612;48.95104895;29.97002997;11.98801199;6.993006993;2.997002997
1613;51.40371688;33.61012258;14.82799526;9.88533017;5.931198102
1736;37.07043382;28.05330127;17.03236149;14.02665064;9.017132552
1737;19.41650901;13.94005775;8.961465698;7.467888081;5.47645126
1739;16.99490153;5.99820054;3.498950315;2.99910027;1.99940018
1741;46.42108416;37.93550963;24.95757213;18.96775482;13.47708895
1742;20.96436059;15.97284616;11.48048318;8.984725966;6.988120196
1743;50.93378608;43.44352342;28.4629981;22.47078798;16.97792869
1744;50.62656642;42.10526316;28.07017544;22.55639098;17.04260652
1745;53.91373802;43.43051118;27.45607029;21.96485623;16.47364217
1746;13.01301301;7.007007007;3.503503504;3.003003003;1.501501502
1747;16.94239585;13.95256129;7.474586406;5.979669125;4.484751844
1749;15.0060024;9.003601441;5.0020008;4.00160064;3.00120048
1750;21.98680792;14.49130522;8.994603238;7.495502698;5.496701979
1751;12;8.5;6;5;3.5
1752;8.511916683;6.008411776;4.506308832;4.005607851;3.004205888
1753;48.00480048;34.00340034;20.50205021;15.50155016;10.50105011
1754;28.37514934;8.960573477;3.484667463;1.99123855;0.995619275
1756;96.9030969;89.91008991;50.94905095;32.96703297;17.98201798
1757;99.28514694;91.34233519;50.63542494;31.77124702;15.88562351
1758;90.51123931;73.60254625;43.76367615;34.81201512;23.87109608
1759;87.77179334;77.79772591;50.86774387;34.90923599;18.95072811
1760;87.5273523;77.58106226;51.72070818;36.80127313;20.88720907
1761;69.95802518;55.96642015;36.97781331;28.98261043;17.98920648
1773;75.96961216;70.97161136;63.97441024;50.97960816;41.98320672
1774;61.83921803;44.88330341;33.91182924;27.92738879;22.94035508
1775;52.10420842;44.08817635;24.04809619;18.03607214;11.02204409
1776;67.63477223;53.70996618;30.8334991;20.88720907;15.91406405
1777;89.6;76.7;46.8;33.9;22.9
1778;53.9;50.9;34.9;26.9;18
1779;77.2;62.1;40.1;30.1;21
1780;63.7;44;29;22.5;15.9
1781;58.6;47.5;31.3;24.2;16.2
1782;60.18916595;38.69303525;19.34651763;10.74806535;7.523645744
1783;68.3;42.2;13.1;8;5
1784;66.6;49.2;27;20.3;14.5
1785;76.2;63.1;41.1;30.1;19
1786;29;21;13;11;8
1787;89.83829108;77.85985227;45.91734877;29.94609703;17.96765822
1788;87.78930567;75.81803671;42.89704709;28.93056664;19.95211492
1789;80;65;43;33;23
1790;83;70;43;31;19
1791;88.62776339;83.64867556;67.7155945;54.76996614;41.82433778
1792;79.26306769;72.83633248;55.69837189;43.91602399;32.13367609
1793;83.77685788;78.84880741;61.10782574;50.26611473;37.45318352
1794;77.51177394;71.62480377;56.90737834;44.1522763;33.35949765
1795;83.3;75.3;54.2;44.2;33.1
1796;84.15841584;79.20792079;59.40594059;44.55445545;31.68316832
1797;88.6;79.7;56.8;44.8;32.9
1798;95.4;90.5;64.6;48.7;30.8
1799;90.4;74.7;41.3;24.6;13.8
1800;44.5;30.9;15.5;10.6;7.2
1801;92.47311828;87.09677419;68.8172043;53.76344086;38.70967742
1802;67.11409396;42.21693007;25.97964927;18.40225157;15.15479541
1954;38.41665046;28.20462945;20.42404202;17.50632173;14.58860144
2208;25.55472451;13.7122912;6.8561456;6.232859636;4.986287709
2209;26.99730027;16.99830017;9.499050095;7.499250075;5.99940006
2210;25.97143143;15.98241934;8.490660274;6.992308461;5.993407252
2211;16.32693449;10.884623;4.947555907;3.958044726;3.958044726
2212;24.65240114;11.83315255;6.409624297;5.423528252;4.930480229
2213;26.90012716;14.67279664;8.31458476;6.847305096;5.869118654
2214;24.98500899;15.99040576;8.994603238;7.995202878;5.996402159
2215;32.29332273;18.87917329;10.43322734;7.949125596;6.955484897
2216;35.95685178;21.97363164;10.98681582;9.988014383;7.990411506
2217;24.06623027;14.43973816;7.21986908;5.775895264;4.813246053
2218;26.5;14.5;8;6.5;5.5
2219;21.15791498;11.5406809;6.251202154;5.289478746;3.846893633
2220;21.44852354;10.97366321;6.48443735;4.988028731;3.491620112
2221;33.93890996;19.46496307;9.482930725;6.987422639;5.989219405
2222;28.53207399;18.69342778;9.838646202;7.870916962;5.903187721
2225;20.14859589;10.07429795;5.037148974;4.407505352;2.518574487
2226;27.53466418;15.73409381;6.883666044;5.90028518;3.441833022
2227;20.97273544;13.98182363;6.990911815;5.992210127;4.494157595
2228;37.95824593;22.9747278;10.9879133;8.490660274;5.993407252
2229;15.81340186;9.883376161;4.941688081;4.447519273;2.965012848
2230;11.35241856;7.403751234;3.948667325;3.948667325;2.961500494
2232;31.92426244;19.81505945;8.806693087;6.605019815;5.504183179
2233;27.95527157;15.97444089;5.990415335;4.99201278;2.995207668
2234;27.25200674;13.87374889;5.450401348;4.954910316;2.97294619
2235;18.7118377;15.75733701;7.878668505;5.909001379;2.954500689
2236;15.46597486;11.47475554;5.986828976;5.986828976;3.991219318
2237;38.29873009;23.18081032;6.04716791;4.031445273;3.023583955
2240;17.87665111;10.92462012;4.965736419;3.972589135;3.972589135
2241;23.58017259;11.53923339;6.522175396;5.017057997;3.010234798
2245;36.28230616;19.88071571;8.946322068;6.958250497;4.473161034
2247;24.35064935;13.18993506;6.594967532;5.073051948;3.551136364
2248;16.04331696;9.525719442;5.013536549;4.010829239;2.506768274
2249;21.46994208;13.9804274;7.988815658;5.991611744;3.994407829
2256;68.90791397;37.58613489;24.01336396;17.74900814;10.44059303
2257;61.7776006377043;43.8421681944998;19.9282582702272;13.949780789159;9.96412913511359
2269;23.11172305;13.27694729;8.85129819;6.146734854;4.917387884
2275;49.5142003;29.89536622;15.8819133;13.07922272;9.342301943
2283;19.27448848;8.895917762;4.942176535;4.942176535;3.953741228
2287;62.6924769;40.69511659;17.59788825;12.09854817;8.798944127
2292;59.15250592;36.56700366;16.13250161;12.90600129;8.60400086
2293;57.03027789;34.21816674;13.47988387;10.36914144;8.295313148
2294;47.10500491;26.49656526;10.79489696;7.850834151;5.888125613
2295;21.68525403;14.45683602;6.195786865;4.130524577;3.097893432
2296;28.76192966;14.38096483;7.190482416;5.229441757;3.922081318
2297;18.86792453;13.4061569;6.951340616;5.958291956;3.972194638
2298;31.29416515;16.15182718;6.056935191;4.037956794;3.028467595
2299;44.43585781;28.97990726;11.59196291;7.72797527;6.761978362
2300;43.63847944;30.06206362;14.54615981;10.66718386;7.757951901
2301;37.39511127;27.36227654;12.76906239;8.208682962;6.384531193
2302;44.72271914;31.8028225;15.90141125;11.92605844;7.950705625
2303;57.07100019;42.56142387;21.28071194;17.41149158;12.57496614
2304;56.16830065;38.80718954;19.40359477;14.29738562;10.2124183
2338;38.06363459;29.27971891;17.56783135;9.759906305;9.759906305
2349;51.95599022;41.76854116;25.46862266;18.33740831;13.24368378
2350;25.35211268;20.657277;13.14553991;7.511737089;9.389671362
2351;59.88023952;50.5239521;27.13323353;22.45508982;16.84131737
2352;53.70895825;45.60194568;30.40129712;23.30766113;19.25415484
2353;60.38647343;45.28985507;24.15458937;20.12882448;20.12882448
2354;36.13987107;31.25610471;19.53506544;15.62805235;13.67454581
2357;30.27935144;11.72103927;4.883766361;2.930259816;1.953506544
2359;79.33319944;53.22353886;19.08013657;7.029524001;7.029524001
2362;64.74221905;32.07412687;14.2551675;10.69137562;8.315514374
2367;43.01495747;19.5522534;5.865676019;3.910450679;2.93283801
2379;55.38865941;40.36800601;27.22493428;21.59218926;16.89823507
2390;20.33730159;12.8968254;6.944444444;5.456349206;3.472222222
2401;12.1004336;9.075325199;4.5376626;4.033477866;3.529293133
2403;9.926543578;7.941234862;4.46694461;3.970617431;3.474290252
2405;8.5;6.5;5;4;3
2423;15.53573218;10.02305302;5.512679162;5.011526511;4.009221209
2425;18.00180018;12.00120012;7.500750075;6.00060006;4.00040004
2427;17.89620203;11.93080135;6.959634122;5.965400676;4.474050507
2445;15.95532509;10.47068209;5.484643;5.484643;3.490227363
2447;18.39331875;11.93080135;6.959634122;5.965400676;4.474050507
2449;16.37392081;10.91594721;6.45033244;4.961794185;3.969435348
2467;61.07328795;30.03604325;11.01321586;8.009611534;6.00720865
2469;59.50132225;30.22289384;12.27805062;7.555723461;4.722327163
2471;61.80344478;28.36879433;11.14488349;8.105369807;6.079027356
2489;56.90298507;35.44776119;15.85820896;11.19402985;6.529850746
2491;65.35310183;44.8692938;34.13968006;11.70503316;6.827936012
2493;65.03298775;42.4128181;17.90763431;10.36757776;6.597549482
2511;15.07386192;9.044317154;5.527082705;4.019696513;3.517234449
2512;15.47678482;9.985022466;5.491762356;3.994008987;3.494757863
2513;13.94422311;8.964143426;4.980079681;3.984063745;3.486055777
2514;16.90090731;12.45330012;7.1161715;5.337128625;4.447607187
2515;20.71563089;15.06591337;8.474576271;7.532956685;5.649717514
2516;21.06371775;14.0424785;7.898894155;5.265929437;4.38827453
2517;12.03610832;9.027081244;5.516549649;5.015045135;3.510531595
2519;12.38604836;9.908838684;5.449861276;3.963535474;2.972651605
2521;13.45425553;10.96272673;6.477974885;4.983057604;3.986446083
2539;14.81557168;11.2393992;6.641463165;5.10881782;4.087054256
2541;14.24081713;10.80337851;6.874877234;5.401689256;3.928501277
2543;14.04640516;11.44521902;7.283321194;5.72260951;3.641660597
2561;12.42544732;8.946322068;4.970178926;3.479125249;2.485089463
2563;13.5;10.5;6;3.5;3
2565;12.5984252;10.49868766;6.299212598;4.199475066;3.149606299
2583;13.39239724;11.33202843;6.181106418;4.120737612;2.575461008
2585;13.80670611;10.84812623;6.903353057;4.437869822;2.958579882
2587;12.83316881;9.871668312;6.416584403;4.44225074;2.961500494
2589;13.42749155;10.94091904;6.465088522;4.475830515;2.486572508
2590;15.40357363;11.80940645;7.18833436;5.647976997;3.59416718
2591;14.96557917;11.97246333;7.981642223;5.487379028;3.491968473
2592;39.46842526;34.97202238;24.98001599;18.48521183;3.497202238
2593;44.87658938;39.26701571;26.17801047;19.63350785;14.02393418
2594;42.75092937;39.03345725;27.88104089;19.51672862;14.86988848
2595;15.84253481;11.52184349;6.24099856;3.840614498;2.400384061
2597;15.60518873;11.2162294;6.827270067;3.901297181;2.925972886
2599;14.85442662;10.39809863;5.941770648;3.466032878;2.47573777
2617;18.59645689;11.25575022;5.872565332;4.404423999;2.936282666
2619;16.13376357;10.75584238;5.866823115;3.91121541;2.444509631
2621;15.96516691;10.64344461;5.805515239;3.386550556;2.418964683
2655;13.78958121;10.2145046;5.617977528;3.064351379;2.553626149
2657;14.54333915;10.18033741;5.81733566;3.393445802;2.423889858
2659;13.45157433;10.96054205;6.974890395;4.483858111;2.989238741
2677;20.82506942;11.90003967;5.950019833;3.470844903;2.479174931
2678;20.47502048;12.28501229;6.142506143;3.583128583;2.559377559
2679;20.80443828;11.88825045;5.448781454;3.46740638;2.476718843
2680;18.41799147;13.57115161;6.785575805;4.362155874;2.908103916
2681;16.98054955;12.34949058;6.689307399;4.116496861;2.572810538
2682;20.17798013;14.48675497;7.243377483;4.139072848;2.58692053
2683;13.72927896;10.67832808;5.593409946;3.559442693;2.542459066
2684;13.8065044;10.22704029;6.136224177;4.090816118;2.556760074
2685;14.11005846;10.07861318;5.543237251;4.031445273;2.519653296
2686;18.69064457;13.63911901;7.577288341;6.061830673;4.546373005
2687;23.30424435;16.36255454;9.916699722;7.933359778;4.462514875
2688;16.46706587;12.4750499;7.984031936;6.986027944;4.491017964
2689;38.47140292;19.23570146;8.335470633;5.12952039;3.205950244
2691;37.07017768;18.53508884;7.03055094;3.834845967;2.556563978
2693;40.02668446;20.01334223;7.338225484;4.669779853;2.66844563
2711;37.53457132;16.46253128;5.92651126;3.951007507;2.634005005
2713;34.45534058;14.57725948;5.300821627;2.650410814;1.98780811
2715;33.95585739;16.32493144;5.876975317;3.917983544;2.61198903
2717;36.1784805;15.40935281;6.029746751;4.019831167;2.679887445
2735;22.72423473;11.36211736;4.678518915;2.67343938;2.005079535
2737;25.87498298;13.61841209;4.766444233;3.404603023;2.723682419
2739;33.77483444;16.55629139;5.960264901;3.973509934;3.311258278
2757;41.9050153;25.27604097;7.981907676;3.990953838;1.995476919
2759;42.92722813;27.93676751;9.539384028;5.451076588;3.406922867
2761;35.69023569;22.22222222;8.754208754;5.387205387;3.367003367
2779;27.09131756;9.911457645;4.625346901;3.303819215;1.982291529
2780;25.77660278;9.914077991;3.965631196;2.643754131;1.982815598
2781;28.10824944;9.805203295;2.614720879;1.961040659;1.307360439
2782;26.66666667;9.333333333;3.333333333;2.666666667;1.333333333
2783;28.70493992;10.01335113;3.337783712;2.670226969;2.002670227
2784;33.54821734;9.867122747;3.946849099;2.631232733;1.973424549
2787;21.83622829;17.36972705;10.42183623;8.436724566;6.947890819
2788;21.2787015;16.82501979;10.39192399;8.412509897;6.927949327
2789;20.78685865;16.73088623;11.15392415;8.618941391;6.590955182
2790;25.04508115;10.01803246;3.50631136;2.504508115;1.502704869
2791;30.01082358;17.71130572;10.82357572;8.855652858;6.887730001
2792;25.19868192;13.56852103;5.815080442;3.876720295;2.907540221
2793;16.54501217;10.70559611;3.892944039;2.919708029;1.946472019
2794;11.47446931;9.083954867;4.781028877;4.30292599;3.346720214
2795;22.17741935;14.61693548;7.560483871;6.048387097;4.536290323
2796;50.83088954;33.23558162;11.73020528;5.865102639;3.910068426
2797;30.81967213;20.32786885;9.836065574;7.868852459;5.245901639
2798;36.15886189;32.00948429;20.74688797;28.45287493;11.85536455
2799;27.59889604;9.856748587;3.942699435;2.62846629;1.314233145
2800;69.33438986;26.74326466;17.82884311;9.904912837;4.952456418
2801;16.49505148;10.99670099;6.99790063;5.498350495;3.99880036
2802;61.37322593;46.02991945;26.85078634;19.1791331;11.50747986
2803;21.98461077;15.98880783;8.993704407;6.995103428;4.996502448
2804;54.05053399;45.58478771;28.65329513;22.1411826;14.97785882
2805;13.0234422;10.01803246;6.511721098;5.509917852;4.007212983
2806;16.76859341;12.82304202;6.904714934;5.918327086;4.438745315
2807;24.45842068;18.96775482;11.97963462;9.983028851;7.487271638
2808;18.20879417;10.79039655;6.743997842;6.069598058;4.720798489
2816;22.06896552;15.86206897;9.655172414;6.896551724;4.827586207
2825;17.3257236;12.22992254;7.134121484;6.114961272;4.076640848
2834;32.9;12;11;8;5
2867;67.77260773;60.69188752;51.58810439;43.49585272;36.41513251
2900;29.09893638;22.57676099;14.04776239;10.03411599;9.030704395
2933;15.43831387;10.06846557;5.369848302;4.698617264;3.356155189
2966;53.3;39.4;22.7;15.8;10.8
3067;55.22682446;37.47534517;21.69625247;15.7790927;10.84812623
3089;33.84912959;21.27659574;9.671179884;8.704061896;8.704061896
3111;43.24586978;26.23906706;8.746355685;6.316812439;3.887269193
3112;48.09619238;29.05811623;10.02004008;7.014028056;4.008016032
3113;45.94330401;27.37047898;8.797653959;5.865102639;3.421309873
3114;16.12903226;6.552419355;3.024193548;2.016129032;2.52016129
3115;23.57071214;8.52557673;4.012036108;3.009027081;2.507522568
3116;20.89407191;8.260447036;4.373177843;2.915451895;1.943634597
3117;18.61167002;12.57545272;7.54527163;6.539235412;4.527162978
3119;19.24975321;12.33958539;7.403751234;5.429417572;4.44225074
3121;20.58232932;12.5502008;7.02811245;5.522088353;4.016064257
3123;13.45962114;9.970089731;5.982053838;4.486540379;3.489531406
3125;14.58752515;11.06639839;7.042253521;5.533199195;4.527162978
3127;13.91650099;10.93439364;6.461232604;5.467196819;3.976143141
3177;49.90118577;44.46640316;30.63241107;24.20948617;17.78656126
3178;52.73631841;46.26865672;32.8358209;26.3681592;19.40298507
3179;46.7806841;40.7444668;28.67203219;22.63581489;16.59959759
3180;14.49275362;11.11111111;7.246376812;6.280193237;4.347826087
3183;18.3531746;11.9047619;6.944444444;4.96031746;3.472222222
3237;13.37958375;8.919722498;5.450941526;3.96432111;2.477700694
3259;63.97637795;48.22834646;25.59055118;14.76377953;8.858267717
3260;63.60078278;49.90215264;24.46183953;14.67710372;6.849315068
3261;62.6223092;48.92367906;25.44031311;16.63405088;8.806262231
3262;24.92522433;15.45363908;6.979062812;4.486540379;3.489531406
3263;36.28230616;24.35387674;9.940357853;6.461232604;3.976143141
3264;36.51115619;23.8336714;8.620689655;5.578093306;2.535496957
3297;37.59894459;11.21372032;3.957783641;2.638522427;0.659630607
3299;45.51539491;14.0562249;4.016064257;2.677376171;1.338688086
3301;43.56306892;13.65409623;4.55136541;3.250975293;1.300390117
3303;43.85964912;12.14574899;4.048582996;2.699055331;1.349527665
3321;44.84605087;14.0562249;3.346720214;2.008032129;1.338688086
3323;40.50464807;12.61620186;3.320053121;2.656042497;1.328021248
3325;40.61251664;11.9840213;2.663115846;2.663115846;1.331557923
3327;35.2393617;10.63829787;2.659574468;1.329787234;0.664893617
3345;38.88130969;11.59618008;3.410641201;2.04638472;1.36425648
3346;35.667107;11.88903567;3.302509908;1.981505945;1.321003963
3347;31.49606299;11.81102362;3.280839895;1.968503937;0.656167979
3348;30.58510638;11.96808511;4.654255319;3.324468085;1.994680851
3349;26.38352638;10.93951094;4.504504505;3.217503218;1.930501931
3350;24.63382157;10.65246338;3.994673768;2.663115846;1.331557923
3351;22.48289345;17.59530792;9.775171065;8.308895406;5.865102639
3352;19.42231076;14.94023904;8.964143426;6.972111554;5.478087649
3353;14.47105788;11.47704591;7.48502994;5.489021956;4.491017964
3354;14.1271443;5.045408678;3.027245207;2.522704339;2.018163471
3355;11.77625123;5.888125613;3.434739941;2.944062807;1.962708538
3356;10.48951049;5.994005994;3.496503497;2.497502498;1.998001998
3357;13.20939335;9.295499022;5.870841487;4.892367906;3.424657534
3358;12.09677419;8.568548387;6.048387097;4.032258065;3.024193548
3359;11.9760479;8.483033932;4.99001996;3.493013972;2.994011976
3360;15.01305483;11.09660574;7.180156658;5.874673629;4.569190601
3361;12.64980027;9.986684421;6.657789614;5.326231691;4.66045273
3362;11.28818061;8.632138114;5.312084993;3.984063745;3.320053121
3363;40.5;32;18;13;9
3364;37.76435045;30.21148036;16.6163142;12.08459215;8.056394763
3365;38.11881188;29.7029703;16.33663366;11.88118812;7.920792079
3366;61.57965194;48.19277108;25.43507363;18.07228916;10.70950469
3367;60.08010681;46.72897196;24.69959947;17.3564753;10.01335113
3368;59.33333333;46;24.66666667;17.33333333;10
3369;52.0694259;39.3858478;20.02670227;14.01869159;8.010680908
3370;52;38;18.66666667;13.33333333;6.666666667
3371;50.70603338;38.51091142;18.61360719;12.83697047;7.060333761
3372;25.62417871;20.36793693;12.48357424;9.855453351;7.227332457
3373;31.37254902;23.52941176;13.7254902;9.803921569;6.862745098
3374;46.75572519;33.39694656;19.08396947;13.35877863;10.49618321
3591;73.64341085;54.26356589;24.2248062;14.53488372;7.751937984
3592;78.9473684210526;54.6558704453441;28.3400809716599;20.2429149797571;14.17004048583
3593;62.007874015748;45.2755905511811;22.6377952755906;14.7637795275591;9.84251968503937
3599;40.5679513184584;27.3833671399594;17.2413793103448;13.184584178499;10.1419878296146
3600;39.34740883;24.95201536;14.39539347;9.596928983;6.717850288
3601;40.6746031746032;21.8253968253968;14.8809523809524;12.8968253968254;9.92063492063492
3608;9.24124513618677;7.29571984435798;6.32295719844358;4.37743190661479;4.37743190661479
3609;12;10;8;6.5;6
3610;17.92828685;15.93625498;13.94422311;12.4501992;11.45418327
3615;59.61538462;40.38461538;15.38461538;9.615384615;6.730769231
3616;58.11623246;38.0761523;16.03206413;11.02204409;7.014028056
3617;4.473161034;3.976143141;2.982107356;1.988071571;1.491053678
3624;64.35643564;43.56435644;14.85148515;7.920792079;5.940594059
3625;23.59108781;11.79554391;5.897771953;5.242463958;3.931847969
3630;27.66798419;13.83399209;6.916996047;5.928853755;4.940711462
3631;26.06951872;12.70053476;5.347593583;4.010695187;2.673796791
3632;3.015075377;2.512562814;2.010050251;1.005025126;1.507537688
3639;54.05405405;33.78378378;13.51351351;7.722007722;5.791505792
3640;52.78884462;31.87250996;11.95219124;8.964143426;5.976095618
3641;24.66666667;11.33333333;5.333333333;4;2.666666667
3649;18.34862385;9.174311927;4.587155963;3.567787971;1.529051988
3650;30.12048193;18.57429719;11.04417671;8;7
3654;20.01953125;13.18359375;7.8125;5.859375;3.90625
3655;5.489021956;3.992015968;3.493013972;2.994011976;1.996007984
3660;17.19056974;12.77013752;7.367387033;5.893909627;3.929273084
3661;15.12096774;10.58467742;7.056451613;5.544354839;4.032258065
3662;6.986027944;5.988023952;4.99001996;3.992015968;2.994011976
3667;18.05416249;12.03610832;6.519558676;4.513540622;3.009027081
3668;16.56626506;5.522088353;2.510040161;2.008032129;1.004016064
3673;20.66929134;8.858267717;4.921259843;3.937007874;2.952755906
3674;26.97302697;6.993006993;1.998001998;0.999000999;0.4995005
3679;16.08040201;7.537688442;4.020100503;3.015075377;2.010050251
3680;9.063444109;3.021148036;1.007049345;1.007049345;1.007049345
3686;44.82071713;27.39043825;9.462151394;5.976095618;3.984063745
3687;42;33.5;19;15;10
3688;47.90823212;30.36437247;10.1;6.1;4.7
3694;21.65156093;9.063444109;4.531722054;3.021148036;1.510574018
3695;20.72800809;8.088978766;4.044489383;3.033367037;2.022244692
3696;29;8;1.5;1;0.5
3703;14.02805611;10.02004008;6.513026052;4.509018036;3.006012024
3704;12.60080645;8.568548387;5.544354839;4.536290323;3.528225806
3705;3.489531406;2.991026919;1.994017946;1.994017946;1.994017946
3712;14.04212638;11.53460381;6.519558676;5.015045135;4.012036108
3713;1.984126984;1.488095238;1.488095238;1.488095238;0.992063492
3718;16.73228346;12.79527559;7.874015748;5.905511811;4.429133858
3719;16.03206413;12.0240481;7.014028056;5.01002004;3.507014028
3720;3.489531406;2.492522433;2.492522433;1.994017946;1.49551346
3727;11.23046875;8.7890625;5.859375;4.39453125;2.9296875
3728;8.483033932;6.986027944;4.99001996;3.493013972;1.996007984
3733;;;;;
3734;12.5502008;10.04016064;6.024096386;5.020080321;3.514056225
3739;14.19878296;11.15618661;6.085192698;4.056795132;2.535496957
3740;7.477567298;5.982053838;3.988035892;3.489531406;2.492522433
3745;12.80788177;9.852216749;6.403940887;5.418719212;3.448275862
3746;11.78781925;8.84086444;5.893909627;5.402750491;3.929273084
3747;5.020080321;4.016064257;2.008032129;2.008032129;1.506024096
3754;16.40159046;12.92246521;7.952286282;6.461232604;4.473161034
3755;21.93877551;17.85714286;12.75510204;10.2;8.7
3760;49.24623116;41.70854271;27.13567839;22.11055276;16.58291457
3766;17.34693878;11.2244898;6.12244898;5.102040816;3.571428571
3767;12.6646403242148;8.10536980749747;3.54609929078014;2.53292806484296;2.02634245187437
3768;12.79527559;8.858267717;4.921259843;3.937007874;2.460629921
3775;13.03911735;9.027081244;5.516549649;4.012036108;3.009027081
3776;7.522567703;4.012036108;2.006018054;2.006018054;1.504513541
3777;20.04008016;10.52104208;5.01002004;3.507014028;2.004008016
3784;6.88976378;4.921259843;2.952755906;1.968503937;1.476377953
3785;20.04008016;15.03006012;7.014028056;5.01002004;3.507014028
3790;19.82160555;14.37066402;7.92864222;5.946481665;3.468780971
3791;7.804878049;5.853658537;3.902439024;3.902439024;2.926829268
3792;16.12903226;11.59274194;6.048387097;5.544354839;4.032258065
3798;11.01101101;8.008008008;5.005005005;4.004004004;2.502502503
3799;23.02302302;16.01601602;9.50950951;7.507507508;6.006006006
3804;15.04513541;11.0330993;6.018054162;5.015045135;4.012036108
3805;13.65015167;9.100101112;5.055611729;4.044489383;2.527805865
3810;10.08064516;7.056451613;4.032258065;3.528225806;3.024193548
3811;32.24206349;20.33730159;6.448412698;3.968253968;1.984126984
3816;32.73809524;20.83333333;7.44047619;5.456349206;2.48015873
3817;25.81926514;17.87487587;5.958291956;3.972194638;2.482621648
3818;26.75916749;13.87512389;4.955401388;2.973240833;1.982160555
3825;11.02204409;6.012024048;3.507014028;2.50501002;1.503006012
3826;64;48;25;16;8
3831;66.2055336;50.39525692;27.66798419;19.76284585;12.8458498
3832;29.12142152;11.35241856;3.455083909;1.974333662;0.987166831
3837;30.56112224;10.52104208;3.507014028;1.503006012;1.002004008
3838;24.47552448;3.496503497;0.999000999;0.999000999;0.4995005
3839;23.61809045;11.55778894;5.527638191;4.020100503;2.512562814
3846;20.62374245;8.551307847;5.030181087;3.521126761;2.515090543
3847;18.5;7;4.5;4;3
3848;35.11374876;12.36399604;4.945598417;3.461918892;1.978239367
3855;33.26713009;10.92353525;3.972194638;2.482621648;1.986097319
3856;43.76257545;13.58148893;2.515090543;2.012072435;1.006036217
3857;46.22395833;17.578125;7.161458333;6.5;5.2
3864;41.2935323383085;13.4328358208955;2.98507462686567;1.49253731343284;0.995024875621891
3865;51.14200596;16.38530288;1.986097319;1.489572989;0.49652433
3866;40.6626506;32.63052209;18.57429719;14.0562249;9.036144578
3867;;;;;
3873;37.96844181;31.06508876;17.75147929;13.80670611;9.368836292
3874;42;33.5;19;15;10
3875;66;53;28;19;10
3882;62.86836935;52.06286837;29.46954813;19.64636542;11.78781925
3883;54.21686747;45.18072289;24.09638554;18.07228916;11.04417671
3884;64.96062992;52.16535433;31.49606299;23.6;16.7
3891;55.77689243;42.82868526;21.9123506;14.94023904;7.96812749
3892;54.15860735;41.5860735;23.21083172;16.4410058;9.671179884
3893;11.53460381;5.516549649;4.012036108;3.009027081;2.006018054
3900;14.01401401;5.505505506;4.004004004;3.003003003;2.502502503
3901;2.507522568;1.504513541;1.003009027;1.003009027;1.003009027
3902;12.60080645;10.08064516;6.552419355;5.040322581;4.032258065
3909;11.31889764;7.874015748;5.905511811;4.429133858;3.44488189
3910;8.466135458;5.976095618;3.984063745;2.988047809;1.992031873
3911;12.29105211;10.32448378;6.882989184;5.899705015;4.424778761
3918;10.41666667;8.432539683;5.952380952;4.96031746;3.968253968
3919;4.5;3.5;3;3;2
3920;51.7578125;45.8984375;30.2734375;23.4375;15.625
3927;42.8286852589641;35.8565737051793;23.9043824701195;19.9203187250996;14.9402390438247
3928;60;42;22;16;12
3929;66.7330677290837;45.8167330677291;23.9043824701195;16.9322709163347;12.9482071713147
3935;81.3008130081301;54.8780487804878;26.4227642276423;22.3577235772358;18.2926829268293
3936;21.6748768472906;13.3004926108374;6.89655172413793;4.92610837438424;3.44827586206897
3937;22.0883534136546;13.5542168674699;7.0281124497992;5.02008032128514;5.02008032128514
3944;6.98602794411178;4.99001996007984;2.9940119760479;2.49500998003992;2.49500998003992
3945;50.6666666666667;28;9.33333333333333;4.66666666666667;2.66666666666667
3946;50.1930501930502;27.6705276705277;9.65250965250965;5.79150579150579;3.86100386100386
3953;36;14.6666666666667;4;4;2
3954;94.3204868154158;67.9513184584179;28.3975659229209;19.2697768762677;13.184584178499
3955;100.1803246;68.12262072;25.04508115;18.03245843;12.02163895
3962;82.56141764;60.4107934;16.10954491;7;4
3963;;;;;
3964;;;;;
3967;;;;;
3971;7.44047619047619;4.46428571428571;2.97619047619048;2.48015873015873;1.98412698412698
3972;5.95829195630586;3.47567030784508;3.47567030784508;2.48262164846077;1.98609731876862
4007;6.8762278978389;4.91159135559921;3.92927308447937;2.94695481335953;2.45579567779961
4008;7.32421875;5.859375;3.90625;2.9296875;2.44140625
4043;5.994005994;4.495504496;3.996003996;2.497502498;2.997002997
4044;5.970149254;3.980099502;2.985074627;2.487562189;2.487562189
4079;6.972111554;5.478087649;4.980079681;3.486055777;2.988047809
4080;7.89733464955577;6.41658440276407;4.93583415597236;3.94866732477789;3.94866732477789
3590;61.7408906882591;45.5465587044534;25.3036437246964;18.2186234817814;13.1578947368421
3678;16.0804020100502;7.53768844221105;4.02010050251256;3.01507537688442;2.01005025125628
3685;46;29;10;7;3.5
3767;12.6646403242148;8.10536980749747;3.54609929078014;2.53292806484296;2.02634245187437
